sample,group,P00709,P05814,P47710,P07498,P02788,P02768,P01876,P19835,P01833,P47989,P22897,P10909,Q6WN34,P23280,P49327,H0YCU0,P02763,P04745,P15291,Q16851,P06733,P04406,P02787,P63104,P06727,P04004,P19652,Q96KP4,P23528,P60174,Q9NP72,P50395,P43490,O75874,P00450,P05155,P02790,P53634,O00300,P04217,Q99497,P36871,Q9H173,Q14697,Q96S86,P07900,P31946,P13639,P01042,Q6PCB0,P02748,P02760,P01023,P05067,P36955,P51149,P01019,P62820,E9PJK1,P45877,P63313,P18669,P04792,P14625,P08238,Q9H4G4,P07737,Q13228,P11021,P62258,P17066,Q16555
1,T3,33.84931824,14.36677163,8.837474491,9.324181158,7.164940942,5.178249545,2.601322189,3.247785263,1.387292501,0.244061379,0.376721671,0.566376622,0.262970349,0.164290275,0.071515535,0.027555749,0.114283843,0.072086731,0.11983218,0.024762243,0.026368434,0.036000229,0.085274816,0.013982404,0.015480604,0.032977649,0.056720962,0.005659601,0.017937045,0.004749852,0.007122994,0.010341327,0.001393837,0.002038129,0.003192451,0.014248367,0.016617641,0.001217957,0.013325826,0.016274924,0.004223579,0.001926567,0.009200422,0.008781247,0.005817275,0.004088515,NA,0.000868932,0.004720103,0.006452433,0.000977906,0.001879235,0.002549171,0.001577632,0.005557262,0.000336351,0.002882993,0.005626876,0.130476657,0.003758887,0.027783037,0.000943753,0.000585535,0.000245287,0.000935542,0.007864954,0.005030393,0.000660535,0.002499905,0.002009807,0.000269923,0.002179857
2,T1,30.21421766,23.12831656,5.088921266,7.502167493,7.126299626,6.412700099,2.563076273,3.40284847,1.422286594,0.278003251,0.331688041,0.975963701,0.200286186,0.236366916,0.016115779,0.043578696,0.148682728,0.202464475,0.089006028,0.018913943,0.032373761,0.010538521,0.062365625,0.008677603,0.036206773,0.025834048,0.029451494,0.004228271,0.011473504,0.001717002,0.005901416,0.008845014,0.000126325,0.000845751,0.007723551,0.018508341,0.017231425,0.004240875,0.013233587,0.01343461,0.000687906,0.001803261,0.012695479,0.004865598,0.010798687,0.000570169,0.000551553,0.000148734,0.005373327,0.007011568,0.001901898,0.009258372,0.005373004,0.003340796,0.009206016,0.002919424,0.004493285,0.004370797,0.131621623,0.004484559,NA,NA,NA,9.03E-05,NA,0.004410549,NA,0.003851757,0.001710603,0.001654465,0.0004099,NA
3,T1,17.63028268,27.72606689,8.971805659,10.08956093,7.308025183,3.592726809,3.065100866,2.337599392,1.678121078,0.317766107,0.311326364,0.838411153,0.427377014,0.300882076,0.118220681,0.109467502,0.280209963,0.300584441,0.171878886,0.119987551,0.172528272,0.098831104,0.084655553,0.041644569,0.015409383,0.014666648,0.045348773,0.019817089,0.048192542,0.021796904,0.012815087,0.014288381,0.003851399,0.008565669,0.013209318,0.015995183,0.013421181,0.008885221,0.003005033,0.032342117,0.006468423,0.01096082,0.018601114,0.008490178,0.015875047,0.025891281,0.010182369,0.00973321,0.007997998,0.010109854,0.011308783,0.000972293,0.002293144,0.006277937,0.003653607,0.004980248,0.004084366,0.005902105,0.10217544,0.011405379,0.046436495,0.004003463,0.000398073,0.001188295,0.008218518,0.006257644,0.022847286,0.031541208,0.004027815,0.007026084,0.001063802,0.005915363
4,T1,22.7999594,21.16490151,9.358169045,12.20414057,6.970605557,3.502175101,3.28517107,2.556572249,1.524349487,0.344351133,0.368699193,0.556215595,0.38754428,0.179817431,0.096844538,0.270917592,0.300249477,0.413345955,0.176632456,0.080148726,0.132351693,0.064382189,0.071564607,0.02899963,0.01236897,0.024739757,0.067818951,0.017481024,0.04366038,0.02053803,0.018474934,0.021172948,0.004239625,0.007315061,0.020039128,0.017091144,0.013951335,0.004568506,0.004885446,0.036140516,0.008921046,0.011149491,0.017398739,0.011132618,0.019110891,0.018509717,0.002973163,0.008151149,0.009326761,0.008946225,0.00787003,0.001359779,0.004394851,0.0042674,0.004756438,0.002794835,0.00374332,0.006990593,0.159552473,0.018953848,0.048563737,0.002742401,0.000346609,0.001795189,0.005867156,0.015939154,0.026141718,0.033495455,0.005488177,0.007709094,0.000726289,0.003472324
5,T1,23.64838021,19.7171192,8.656021932,11.93082316,8.406933769,8.088284196,2.440897383,4.099541305,1.615115973,0.578900884,0.418493106,0.866768492,0.207251348,0.262850492,0.052633412,0.037340732,0.156071645,0.158108503,0.13464923,0.033565671,0.069065733,0.034784454,0.082957188,0.022433346,0.027924949,0.043698728,0.05042994,0.017819801,0.016074101,0.009471598,0.008581879,0.022288392,NA,0.004386534,0.008428594,0.017119188,0.055744931,0.004732259,0.018387538,0.015114403,0.001711752,0.004598134,0.010539595,0.007577612,0.007060275,0.003456911,0.000790001,8.82E-05,0.005419958,0.008902194,0.002974687,0.004889709,0.002646291,0.000479307,0.007221058,0.003542259,0.004635206,0.005502432,0.173207911,0.002076679,0.030463732,0.001191708,0.0024077,NA,0.000318775,0.002812322,0.009639462,0.00129001,0.00077309,0.002953694,0.000380413,0.001407556
6,T1,27.52736866,16.54716233,8.240709009,9.449497466,7.28809665,6.691863783,3.373589842,5.393300339,1.880559267,0.533390376,0.43643339,0.621261044,0.275981005,0.218493275,0.020003953,0.093991691,0.163930033,0.17004652,0.148409842,0.018442865,0.060239923,0.029882375,0.049498663,0.011183787,0.05113547,0.02729749,0.046882493,0.007315755,0.013714716,0.004666486,0.006393067,0.010433395,NA,0.001046921,0.00720603,0.026103664,0.017025509,0.004364062,0.005875728,0.009641743,NA,0.003027911,0.019984456,0.009387834,0.01034362,0.001216768,NA,NA,0.006527276,0.004281405,0.005200602,0.001153881,0.002614901,0.001303642,0.005474007,0.001711664,0.006133717,0.005704792,0.12158163,0.008436582,NA,NA,NA,0.000188333,NA,0.005566503,0.001543268,0.002863097,0.001577047,0.001115114,0.000315985,0.000216317
7,T3,33.5258748,16.77159964,9.22001102,8.033661005,5.946061598,5.175875636,3.256361312,3.136973073,1.334398964,0.444636453,0.283846481,0.34647823,0.152617339,0.187605249,0.164209673,0.028770683,0.090644674,0.152978893,0.081843086,0.073794737,0.085650705,0.067215202,0.051374605,0.027338777,0.017485293,0.016779132,0.016468798,0.017405073,0.026878172,0.011289909,0.006236435,0.016987779,0.003276925,0.005937023,0.002624395,0.008832847,0.011541491,0.002158893,0.005663974,0.0119972,0.002170267,0.00906861,0.008692368,0.005450808,0.007865689,0.009094973,0.006004061,0.004911112,0.003175765,0.00142765,0.000416202,0.000691586,0.000651928,NA,0.001329051,0.001087751,0.00051111,0.008859963,0.078268971,0.002096827,0.052967704,0.001696066,0.003020146,0.001069485,0.005878647,0.005497885,0.013993281,0.00403359,0.002487908,0.004549935,0.000734595,0.004525078
8,T1,16.24431331,32.10776008,3.757660224,10.65673777,9.800101615,3.933042786,4.409857593,1.856379472,1.669207189,0.142630548,0.049107117,1.580240778,0.069020041,0.04623076,0.012270926,0.036552736,0.053509449,0.047940687,0.07740663,0.009064707,0.031514093,0.012926468,0.012016318,0.000456622,0.011159682,0.014873027,0.004748917,0.001416104,0.002565059,0.000847773,0.001450303,0.002570159,0.000194326,0.000860817,0.00373985,0.014986743,0.005202528,0.007863995,NA,0.009102334,0.000773105,0.001577816,0.012791012,0.00354139,0.002222028,0.000648727,0.001505405,NA,0.000138701,0.008522046,NA,NA,0.00013059,0.002631784,0.003168801,0.000641662,0.001816119,NA,0.020624906,0.007799194,NA,0.000655166,NA,0.000173359,0.000370214,0.001193312,0.001279812,NA,0.001061033,NA,0.00048689,0.000146121
9,T3,21.79457608,12.89892873,5.752641325,11.06994331,9.578665972,5.607394834,4.607074648,2.155089808,2.216749545,0.277224735,0.109266975,1.317181608,0.04857955,0.124859966,0.072239123,0.017042655,0.1109075,0.134499051,0.168778023,0.021656532,0.056442066,0.073175422,0.104465438,0.029500643,0.004490637,0.027334749,0.032330749,0.006066342,0.018229435,0.010024409,0.00418774,0.005007203,0.001231274,0.004208947,0.006569303,0.006229194,0.029695905,0.002539013,0.00293734,0.00762164,0.002108715,0.00506002,0.01452745,0.011610516,0.005286892,0.00415413,0.00424896,0.000746399,0.003633483,0.005729434,0.000645527,0.002177377,6.59E-05,0.000636804,0.004242958,NA,0.001567822,0.005242078,0.162323957,0.004760724,NA,0.006365638,0.002739077,0.001034051,0.001122439,0.002290373,0.006366438,0.003505282,0.003385084,0.004379402,0.000688901,0.001472471
10,T1,32.02550177,15.03675291,7.671015188,8.219663404,6.415082811,6.411213642,2.972760208,3.770621624,1.624006459,0.374756137,0.242612396,0.711656322,0.196159149,0.195543951,0.247069679,0.100818946,0.076744974,0.077240228,0.069064673,0.11519678,0.155703114,0.109764466,0.040575979,0.041872151,0.036090451,0.030143538,0.031492717,0.019814016,0.030965736,0.014312444,0.003821308,0.015842701,0.008644498,0.018470254,0.004692142,0.010561285,0.033440457,0.000598328,0.009439613,0.009828464,0.007190464,0.017090508,0.010572505,0.005735657,0.008009568,0.019774938,0.005075576,0.009741795,0.005437344,0.005873012,0.001980705,0.001774246,0.001167793,0.000867545,0.004372935,0.002932173,0.002552027,0.005946913,0.071711185,0.003687551,0.077689052,0.00627734,0.013253453,0.00015371,0.007009774,0.002615984,0.014954727,0.006812833,0.002057005,0.006830245,0.000790781,0.00943497
11,T1,24.80154108,16.27302643,8.049783853,10.57181258,9.286154851,6.606714243,2.445271329,3.316385629,1.741655498,0.288461095,0.248653464,1.106926469,0.133253743,0.207955615,0.039139013,0.035221673,0.095398478,0.086672052,0.199886346,0.009041632,0.037298211,0.022722329,0.070178191,0.014102118,0.015797352,0.035297704,0.030427488,0.000925177,0.015495519,0.002986126,0.00488741,0.005360027,NA,0.001580881,0.006242222,0.011882305,0.037009367,0.004231782,0.003573479,0.014713426,NA,0.001428131,0.008036029,0.009167332,0.00678705,0.002458338,0.001591274,9.33E-05,0.004961913,0.009687708,0.002081008,0.002723378,0.001101578,0.002325035,0.005458983,0.000777699,0.004018588,0.00432386,0.098615488,0.00391543,0.017687059,NA,NA,0.000181303,0.000475369,0.003435132,0.002850951,0.003312221,0.001262925,0.001542407,0.000476209,0.000170784
12,T1,34.83511372,14.86711735,7.580562726,9.376919916,8.077468726,7.127596399,1.916125106,3.607899414,1.518567997,0.294231031,0.258836978,1.051805905,0.249335024,0.269812204,0.027052945,0.039849406,0.148228546,0.124652973,0.089023068,0.016836002,0.038111204,0.026578655,0.113613131,0.013406769,0.032728594,0.026453944,0.047325612,0.004887965,0.012140596,0.002550213,0.003241197,0.009794024,0.000285769,0.002141897,0.00816341,0.019059156,0.051464341,0.005016877,0.009241224,0.026398697,0.001294476,0.001497115,0.011100583,0.008913938,0.006385791,0.002050206,0.000883995,0.000219033,0.006433931,0.011246295,0.00220603,0.006188709,0.003648931,0.000812173,0.008171487,0.003035779,0.003678009,0.004709299,0.125673924,0.001832834,0.023191747,NA,NA,8.55E-05,0.000218442,0.00169129,0.004339043,NA,0.000574931,0.001138296,0.00037339,NA
13,T1,27.39551692,14.4323447,6.59883214,10.6151406,9.524344203,8.319218338,2.582212574,3.619538565,1.90984645,0.515765871,0.373001816,1.252724253,0.196211135,0.356766254,0.073201966,0.036838586,0.266002661,0.14202908,0.137829222,0.042527449,0.081123365,0.078895107,0.191879059,0.029954319,0.027626898,0.039117009,0.054395936,0.015580306,0.042741331,0.010801023,0.008404771,0.013313549,0.000727081,0.004711229,0.018125886,0.031091781,0.07556633,0.004027975,0.007433359,0.029536278,0.00452068,0.00586619,0.013882863,0.006814658,0.010273708,0.007838179,0.001950445,0.000660428,0.012606573,0.016381001,0.002376536,0.009163079,0.005001331,0.003309527,0.011944318,0.003696108,0.005101272,0.005080272,0.201562065,0.003602661,0.065883325,0.003027475,0.001153094,0.000697915,0.002008115,0.012197087,0.014618227,0.001772379,0.001520349,0.005116438,0.000628345,0.001753596
14,T1,25.97592909,15.4199224,12.43615512,10.05246138,6.819073341,6.247896789,2.996924632,3.713569829,1.826781238,0.509878056,0.456756792,0.764171513,0.359244843,0.291312338,0.114044713,0.075968326,0.287377429,0.340369579,0.14671675,0.073635048,0.109006186,0.087837608,0.073788755,0.034264445,0.041359577,0.029668595,0.032020317,0.015562255,0.042002073,0.01320131,0.008583019,0.018342822,0.003795342,0.009524938,0.012603081,0.022920842,0.018483003,0.003676373,0.00382885,0.023417931,0.006030247,0.007161533,0.010718936,0.006270031,0.007167067,0.009857253,0.003575541,0.004144873,0.008557196,0.009342948,0.003189735,0.003103352,0.003624727,0.00488482,0.005795075,0.003166064,0.00452576,0.008966365,0.242811517,0.010738918,0.055236277,0.0027351,0.001161413,0.001103773,0.002866273,0.017544773,0.019397254,0.01633817,0.003453804,0.004052956,0.000546952,0.005423411
15,T1,22.83571127,25.22017997,10.60056424,9.689537113,8.969141093,6.089663433,2.009578401,3.100441234,0.85310055,0.207603599,0.170572716,0.977958662,0.11477362,0.113878391,0.144879644,0.069475034,0.148518487,0.01632529,0.064661862,0.044540801,0.129523834,0.09656361,0.031840662,0.009364622,0.029072298,0.00626081,0.005739998,0.008647912,0.013463717,0.008536798,0.00437767,0.008474659,0.005856377,0.006757926,0.007024914,0.003563854,0.010487344,0.003479386,0.001307298,0.018868267,0.001157847,0.005265263,0.006050168,0.00356438,0.003472856,0.009903865,0.003421197,0.003631417,0.007014909,0.007884334,0.002414222,0.000396297,0.002205792,0.003869654,0.001241683,0.001592507,0.001361854,0.002960786,0.023539256,0.003395709,0.026210198,0.003744322,0.000854733,0.001251741,0.006132845,NA,0.006990685,0.002504745,0.002040595,0.002762361,0.000926299,0.002779054
16,T1,26.42159643,27.3112354,8.017165225,8.752589425,5.959099028,6.612809428,2.833626292,3.186477696,1.740904497,0.37512242,0.22914312,0.412093909,0.164332861,0.174418907,0.0211106,0.041421687,0.11135508,0.205382028,0.091475395,0.012061197,0.035410114,0.021517166,0.043088007,0.008018367,0.018069565,0.020517374,0.027404565,0.002849328,0.006464202,0.003663462,0.004491856,0.00723087,NA,0.001114192,0.00359773,0.011824468,0.009282928,0.002392612,0.00429398,0.013711496,NA,0.000225714,0.010342003,0.005252916,0.003931996,0.000597432,0.001864757,0.000144814,0.004961309,0.002691468,0.003706482,0.001150162,0.003136448,0.001174315,0.003865063,0.001868602,0.002131609,0.003078007,0.085030419,0.003632899,0.021975004,NA,NA,0.000131715,NA,0.004692135,0.002291431,0.001258953,0.001317955,0.000837006,0.00033306,0.000164209
17,T1,25.13807172,25.72447637,6.829036531,8.172075012,6.060051683,6.210411849,3.609932781,2.778011464,0.898563091,0.307126749,0.161266648,0.501107473,0.156589373,0.104661415,0.239652624,0.076689055,0.105305816,0.116518388,0.058635095,0.065787943,0.16342002,0.119514852,0.019751956,0.031988588,0.017548105,0.018944844,0.011729704,0.01143865,0.02811574,0.007032023,0.003711318,0.012230188,0.008800903,0.014129023,0.005321246,0.004200419,0.004443734,0.001921442,0.001767215,0.009799187,0.004725552,0.004981056,0.003725871,0.003171955,0.001119056,0.019485603,0.013187124,0.006057367,0.000756526,0.003445825,NA,NA,8.16E-05,NA,0.00209398,0.003659659,0.001787675,0.005619174,0.015856553,0.001810605,0.046285155,0.013485159,0.02632538,0.000427614,0.008960392,0.003397871,0.012708119,0.001413708,0.002201917,0.008647321,0.000967031,0.005343908
18,T3,32.14789879,31.88359487,6.865712178,7.199341718,4.164117572,4.795909171,1.547446849,3.053731611,0.941280969,0.13015266,0.185049884,0.25388651,0.069888889,0.132696662,0.008928149,0.01475831,0.082707939,0.086328965,0.048719198,0.002419093,0.0100126,0.005336092,0.036189211,0.000963131,0.007332422,0.015844618,0.009792244,NA,0.002555144,0.000229338,0.002094995,0.000710959,NA,0.000496941,0.0015433,0.004169193,0.001825863,NA,NA,0.005180171,NA,0.000375417,0.003776451,0.002553844,NA,NA,0.00107758,NA,0.001015497,0.002487057,0.001157243,0.000559148,0.000133786,NA,0.000649432,NA,0.000709473,0.00131861,0.019364131,0.002824029,NA,NA,NA,0.000129911,NA,0.002859806,NA,NA,0.000790126,NA,0.000303256,NA
19,T3,27.37451692,13.12834778,8.084363859,8.024840881,9.151742016,3.763735454,3.619804184,2.369586234,1.893267891,0.256026154,0.129921511,1.65480606,0.184137865,0.280178359,0.138654911,0.038276302,0.078657766,0.10173385,0.084821926,0.04306168,0.077776692,0.066346262,0.109529006,0.017235433,0.018985812,0.036853803,0.02185973,0.009285248,0.023999194,0.014493341,0.004645483,0.011911658,0.001262761,0.004122891,0.004670032,0.013009302,0.019892781,0.005767676,0.007220776,0.017573403,0.000821753,0.003276017,0.01532868,0.006931232,0.009253637,0.009445321,0.005721604,0.003231627,0.007312919,0.009452384,0.001209931,0.002792502,0.004269513,0.003503449,0.004786724,0.002674061,0.002352604,0.006177611,0.133038901,0.002860634,0.03211685,0.000912618,0.002113301,0.000665279,0.003873029,0.008041992,0.013894076,0.002928598,0.0033614,0.003841754,0.00073785,0.003270939
20,T3,24.06445013,31.13359241,9.794936959,7.331199446,4.807048752,6.780679339,2.707190627,4.725831033,0.873350539,0.714115798,0.214250743,0.296824758,0.073852112,0.117817704,0.175294244,0.016560813,0.062921728,0.023891612,0.063473848,0.054395868,0.065838364,0.062529642,0.03533811,0.048462573,0.011469302,0.019462246,0.013874227,0.008547065,0.031986979,0.008851531,0.01356816,0.018648068,0.004244526,0.012504728,0.002070332,0.005434786,0.008564268,0.001443875,0.003510446,0.007257583,0.010011384,0.013296101,0.005686441,0.003282436,0.002941962,0.00618615,0.002678384,0.004021677,0.0024737,0.00160219,0.00059577,0.000439816,0.000306843,NA,0.001451117,0.003285077,0.001476122,0.008920346,0.141718919,0.001533855,0.043261438,0.009910162,0.011808976,0.000881912,0.002478461,0.006664254,0.007533244,0.002547996,0.0020182,0.006453008,0.000509951,0.002812894
21,T3,26.56474306,16.33050137,7.565727547,7.210229506,8.316223412,6.225773391,4.002771216,3.457902102,1.684209952,0.367898694,0.302746842,0.323712111,0.20676237,0.182610532,0.197844535,0.047794737,0.105551774,0.073211327,0.088452926,0.09114195,0.140292592,0.09506914,0.060905626,0.036041652,0.04040372,0.035176075,0.029020186,0.014284109,0.036892797,0.019806102,0.014158393,0.022341685,0.005899141,0.015878153,0.005322216,0.020075764,0.045960276,NA,0.009643264,0.021367863,0.007065524,0.013573493,0.009734797,0.007840707,0.004185838,0.014973456,0.009839624,0.005712656,0.008973287,0.00849777,0.002515794,0.003041065,0.002569575,0.000143646,0.004251544,0.005434259,0.003703674,0.012763367,0.121420052,0.004401187,0.065056901,0.005306644,0.005858122,0.000760903,0.007582819,0.012682089,0.015674197,0.004849358,0.001290997,0.007158576,0.000954527,0.007042735
22,T1,29.0633746,23.1230023,12.86444216,7.682209421,5.077600308,4.702451057,1.89438152,5.971940237,0.958443201,0.177335414,0.28066948,0.456737085,0.190186618,0.151958868,0.01972894,0.074810911,0.128853177,0.087769039,0.07912859,0.01366637,0.035078084,0.016955035,0.027831207,0.00269636,0.021751325,0.011630238,0.018015107,0.00310771,0.007776404,0.000514761,0.002971815,0.005923061,0.000890572,0.001238074,0.007530989,0.015289063,0.012397033,0.003029707,0.003663917,0.012572184,0.00089602,0.001345049,0.009353273,0.002325131,NA,0.000284371,0.000755899,NA,0.005536099,0.001979004,0.002386434,0.000868322,0.002166426,0.000590269,0.001619486,0.003609335,0.001123462,0.005536099,0.008016219,0.005818174,NA,0.0009088,NA,0.00067479,0.000417807,0.002556341,0.002353644,NA,0.001101517,0.000965979,0.000417832,NA
23,T1,23.76002151,21.69760769,11.13374259,8.727444848,6.637894005,7.054291618,2.282001279,3.289363198,1.151810962,0.487443232,0.236167736,0.360971354,0.185239105,0.192170168,0.321395786,0.024943819,0.081611263,0.123655855,0.120354926,0.115319006,0.133807772,0.085890905,0.064025582,0.051942933,0.014955169,0.028896927,0.026825171,0.014967626,0.052098637,0.034076539,0.013879031,0.021646003,0.005583109,0.014574361,0.003136017,0.007032938,0.022532627,0.00786084,0.045056357,0.007231794,0.01488577,0.009259953,0.008298591,0.003717149,0.004877546,0.029348469,0.010732915,0.013358979,0.004676466,0.008868468,0.000719176,0.001720665,0.000482327,0.000270258,0.003205327,0.004828611,0.00075868,0.007546762,0.116609126,0.004132613,0.061681121,0.008802183,0.043405892,0.002164912,0.012320209,0.010417058,0.038394885,0.004737413,0.003058165,0.01024,0.00093685,0.007686451
24,T1,26.08849318,21.94799384,12.61397125,5.755600918,6.991334944,5.198172364,2.900395144,2.453290023,1.199889371,0.573746938,0.236486391,0.533764573,0.1133779,0.186499136,0.357846816,0.01890236,0.119854113,0.070010981,0.107454931,0.190818162,0.192208246,0.172212415,0.062939681,0.069388,0.02102561,0.026635229,0.036934407,0.025432968,0.063302312,0.026993675,0.013237882,0.027213113,0.014206292,0.021560723,0.008098753,0.008718945,0.029816616,0.002104235,0.007078738,0.009128532,0.016472269,0.022784369,0.005863925,0.001206026,0.004537719,0.030030011,0.014983159,0.019307763,0.006611502,0.000482903,0.000873336,0.00090853,0.003119787,0.001248566,0.002921409,0.00266952,0.003042426,0.007753789,0.177186965,0.003059581,0.127780849,0.01977035,0.025271179,0.000972222,0.014236976,0.008499972,0.049550238,0.009041129,0.004380487,0.010404248,0.001381065,0.012083508
25,T1,17.41642351,17.1796042,8.247087981,8.443474724,10.07348469,6.924750579,4.473767015,2.531810187,2.059211266,0.425889681,0.147906172,1.655578749,0.075196869,0.186875463,0.071484774,0.015112537,0.081943331,0.020965633,0.093410777,0.016218079,0.043963675,0.029580849,0.063810289,0.014588069,0.011023072,0.024570677,0.014975452,0.003489484,0.015769855,0.004789911,0.009340308,0.00908539,NA,0.001336624,0.008201264,0.020195488,0.019838142,0.001278208,0.000793826,0.013967718,0.000771877,0.001487264,0.007070308,0.006176171,0.007850464,0.004395982,0.002887655,0.000417996,0.004993614,0.012216026,0.000407252,0.000785393,0.001907223,0.00196406,0.007791933,NA,0.002522299,0.004470301,0.176921351,0.003507467,0.020498155,0.002635009,0.001331887,0.000670834,0.001787427,0.004853448,0.006921285,0.000733716,0.001824433,0.002166723,0.000553657,0.000777345
26,T3,24.12512678,36.47598407,8.209394283,5.388320888,4.87784094,7.434482894,2.457161997,2.210653917,0.877396248,0.430160665,0.144783284,0.50521253,0.080927334,0.070505624,0.1026899,0.019037296,0.02898105,0.022156032,0.062296937,0.026904839,0.059263752,0.053236271,0.039760166,0.029737578,0.004587603,0.021211078,0.010950926,0.003621438,0.01731531,0.006326911,0.007842796,0.013026077,0.001067094,0.005053893,0.000927985,0.000764907,0.010312473,0.001182482,0.003111948,0.003064294,0.007704924,0.006677954,0.00469083,0.003590682,0.003179329,0.004776028,0.002267747,0.003054218,0.001450944,0.002604685,NA,0.000237034,NA,NA,0.000460952,0.002198988,0.001753378,0.007131518,0.056810338,0.001984721,0.0213942,0.005366403,0.006915872,0.000465512,0.00167914,0.006447461,0.007720125,0.001292921,0.001215854,0.005268125,0.000396647,0.001055499
27,T1,28.51463675,16.88118739,9.61783788,7.396164543,7.151714289,8.059798445,3.432187464,3.384930024,1.479144659,0.72862943,0.301768102,0.591137194,0.271476568,0.235356175,0.218200533,0.037659018,0.136212623,0.129699833,0.094713442,0.078621203,0.091871818,0.061024314,0.050805058,0.038898478,0.012387097,0.034929029,0.023934504,0.015902504,0.033008727,0.025226913,0.011668749,0.026184417,0.005713253,0.014776003,0.004708535,0.009671229,0.023346323,0.003005547,0.00793272,0.015994283,0.00920086,0.011776854,0.009048631,0.006348205,0.004592047,0.011862456,0.005084477,0.004969312,0.002489818,0.004704123,0.002335074,0.004333521,0.000173979,0.000232431,0.003447146,0.006269222,0.001824243,0.010452234,0.167002766,0.003723189,0.049746068,0.00852443,0.011694341,0.000392682,0.005569406,0.011379733,0.015009863,0.00517405,0.000936942,0.004727509,0.000470456,0.003272103
28,T3,23.92802618,27.21069817,8.460641456,8.950992152,6.973690623,3.653991304,2.818470535,2.997498746,1.15500182,0.396062784,0.247978548,0.414877691,0.109902151,0.136252225,0.226557084,0.025477735,0.071766088,0.033681068,0.110416768,0.101325198,0.140465392,0.131980484,0.030509269,0.03255686,0.010935406,0.016868148,0.018590233,0.016841371,0.036438663,0.019546667,0.00759165,0.018307402,0.003644327,0.011306098,0.002202729,0.005175041,0.01839108,0.002328204,0.002440248,0.007001304,0.004988021,0.013446152,0.00887359,0.004764602,0.002600616,0.018808631,0.007123474,0.00811589,0.00150536,0.00548925,NA,0.003973389,5.85E-05,0.000338765,0.004624442,0.001601087,0.001366162,0.005628573,0.102174525,0.004663352,0.058340018,0.011472616,0.01151069,0.000143591,0.006599652,0.003777709,0.01842748,0.004294752,0.000757031,0.004392655,0.001176591,0.004393492
29,T3,32.47516451,21.06185832,10.3248462,6.208136627,7.422136237,5.69922871,1.667562103,4.527525603,1.311911513,0.550664464,0.338210032,0.406856356,0.187701978,0.372587189,0.028944306,0.041543715,0.106321708,0.124743185,0.092354863,0.015666804,0.038043454,0.019738068,0.028265763,0.017648891,0.010258702,0.018871889,0.018354882,0.010431937,0.009581508,0.007364091,0.008561892,0.007126061,0.000392741,0.001502156,0.005995304,0.005416202,0.014019491,0.003398794,0.004534725,0.017951266,0.000246674,0.000850385,0.007595372,0.004154641,0.003132236,0.001545712,0.0013327,0.000429912,0.004325177,0.003150324,0.002335937,0.002164096,0.001020111,0.00187162,0.002549849,0.002556374,0.002117255,0.003235322,0.142849687,0.003374226,0.018992029,0.001289683,0.002767901,0.000141842,0.000816592,0.012054953,0.003674126,0.000597911,0.000191873,0.001241402,0.000483485,NA
30,T3,20.1251357,13.33435121,3.653640246,10.13627796,9.217090144,7.680908453,4.047577881,4.770322127,2.086853978,0.232986973,0.212575751,1.519303652,0.022828073,0.198786183,0.021568173,0.006187447,0.129011949,0.077456893,0.151450637,0.005277364,0.020304071,0.036210747,0.085958943,0.008882331,0.027195003,0.026225041,0.021545412,0.000771943,0.010798443,0.00308581,0.005683907,0.004258728,NA,0.001503931,0.001925357,0.008829456,0.028608626,0.005844634,0.005768998,0.013105342,NA,0.000637163,0.006117064,0.004882025,0.005763045,0.000585059,0.002219637,NA,0.004609596,0.017168678,0.001075572,0.000674246,0.000898983,0.000164302,0.00858714,0.00251896,0.002954777,0.00384203,0.158422457,0.002756338,0.013193584,0.001066328,NA,0.000872406,NA,0.001305282,0.007406028,0.001006029,0.002672158,0.000736646,0.000607329,0.000151559
31,T1,24.32936632,28.87917088,10.3003306,6.816216889,7.34138093,7.014720002,2.634835725,3.298709376,1.481900534,0.300297612,0.162449126,0.915216595,0.137832315,0.229701658,0.020605513,0.021054267,0.160540909,0.030693999,0.104082742,0.010472151,0.030208859,0.01328475,0.059263893,0.009139633,0.016578446,0.017070459,0.037590668,0.001493342,0.008164502,0.002513268,0.004271253,0.00554515,0.000232544,0.000610427,0.006625395,0.01358958,0.02449674,0.000576468,0.000450655,0.01541411,NA,0.000360168,0.00986047,0.00400006,0.005933666,0.000667916,0.001243737,0.00016268,0.004346046,0.004245379,0.003243606,0.005255279,0.001950384,0.002873646,0.005658754,0.000422031,0.000824212,0.003468185,0.091998714,0.004591041,0.01257968,0.001149943,NA,0.000531188,NA,0.001348325,0.001089827,NA,0.002028936,0.000988473,0.000622071,NA
32,T3,28.26443773,18.27344258,9.707463764,8.929301818,7.806409094,5.629957139,2.636764378,3.662125405,1.121382106,0.270113995,0.244479969,0.662038028,0.068004924,0.202368587,0.094045655,0.015362598,0.053619193,0.093464648,0.129607152,0.028251656,0.050826486,0.044966063,0.04412554,0.01095934,0.007604606,0.028812521,0.03029099,0.006296953,0.020590498,0.008113955,0.003272425,0.00795902,0.001828003,0.004091063,0.002146472,0.004271176,0.028879143,0.004514424,0.004321142,0.010196672,0.001952687,0.004066661,0.006451888,0.003117373,0.005934017,0.00391405,0.002638972,0.001845123,0.002833493,0.003111796,0.000390475,0.00044997,0.000252544,NA,0.002051342,0.002607365,0.003245234,0.003719451,0.106889781,0.0020147,0.029630191,0.003921797,0.004302163,0.000380025,0.001403597,0.005450232,0.003701401,0.001239094,0.00196206,0.003151072,0.00052585,0.0008865
33,T1,12.73192461,9.407238987,4.717022879,9.539012032,10.95621822,4.844920247,5.82901944,1.148234149,2.893484168,0.190764092,0.03825294,3.154963231,0.016827547,0.091769591,0.011614115,0.002713717,0.133575236,0.031978218,0.094728025,0.000934749,0.009575508,0.010502118,0.078279003,0.00959198,0.005823529,0.02918127,0.034089816,0.000770356,0.006018605,0.000892633,0.002562017,0.00168424,NA,0.001229914,0.004496432,0.002649316,0.045303444,0.00217474,NA,0.017116931,NA,NA,0.007253654,0.008026852,0.002573999,NA,0.00256305,NA,0.00410402,0.02919322,0.001274194,0.001480993,6.61E-05,0.003937689,0.00639067,NA,0.001335268,0.000546244,0.142282592,0.003370225,NA,NA,NA,0.000414665,NA,0.004790015,0.003098346,0.001698161,0.001903119,0.002834219,0.000285486,NA
34,T3,23.00419966,14.61385223,8.347348932,6.42439944,10.01688921,5.575002762,4.455984317,2.589637773,1.874452819,0.415851926,0.142110056,1.484012304,0.071084986,0.161434711,0.070091086,0.014775978,0.097448003,0.021569389,0.099897508,0.018250398,0.041419543,0.038198179,0.067148156,0.013434918,0.009541439,0.027654382,0.026733086,0.004574759,0.01476329,0.0078793,0.001576565,0.009768062,0.001306873,0.001501917,0.007326311,0.019168522,0.021104512,0.001150457,0.000312589,0.016411331,0.00118623,0.001728364,0.010122976,0.00506184,0.007482092,0.004581103,0.002360371,0.000714304,0.003598481,0.008800948,NA,0.001482391,0.001380322,0.002463391,0.006538945,0.005023776,0.002116795,0.003408266,0.135216197,0.002459867,NA,0.00276216,0.001414933,0.000666477,0.000537587,0.003284522,0.005009678,0.000845731,0.00122077,0.000769356,0.000366756,0.000253607
35,T1,32.87836012,20.68314038,8.920502113,5.521647698,7.403756554,11.2151354,3.286643432,2.989582472,1.126392279,0.430732971,0.189913023,0.48047984,0.14027457,0.170847998,0.130929076,0.023202196,0.151468565,0.124781866,0.073251547,0.044279972,0.078856675,0.057401068,0.050267268,0.026606471,0.015253647,0.032993282,0.034844492,0.004964984,0.028164415,0.008711258,0.008174597,0.013133564,0.002148976,0.00522296,0.007543614,0.015662376,0.044223595,0.00161432,0.009803012,0.007966438,0.003401131,0.003615525,0.006566782,0.002824139,0.002145669,0.011304579,0.004427292,0.00350662,0.004291067,0.002959605,0.003691416,0.001179462,0.000807052,0.000579919,0.00195903,0.002350088,0.002216086,0.004670362,0.098030117,0.004951974,0.055980813,0.004562705,0.008827264,0.000229035,0.003779396,0.004990733,0.007872115,0.001826708,0.001588084,0.002525723,0.000858495,0.001313031
36,T1,23.2063856,30.24990162,6.857653549,10.01910708,7.067252678,6.35067446,2.389026994,3.020153259,0.825408535,0.181751108,0.199078865,0.400325379,0.155828891,0.128795978,0.069803676,0.055579598,0.223635105,0.116466354,0.061930273,0.028739713,0.039392544,0.02938956,0.144399468,0.00787206,0.008262595,0.021175334,0.04571769,0.001123192,0.009720384,0.002177233,0.000884078,0.003568783,0.001170754,0.002774904,0.010032543,0.014042246,0.02898738,0.00371286,0.026284985,0.023293271,0.001246488,0.00095072,0.005763528,0.001719026,NA,0.003219362,0.001272061,0.000644204,0.007406732,0.003245293,NA,0.000978219,0.008772261,0.000272004,0.002319071,0.002276524,0.004825706,0.004370545,0.02356154,0.002267657,0.02090393,0.002157438,0.000638158,0.000155578,0.001512517,0.003493677,0.011273567,0.000203486,0.00070565,0.002033515,0.000374887,NA
37,T3,25.46383665,24.03729444,14.49213423,8.219185152,5.413942787,5.372320773,2.874651142,3.478635396,0.989627329,0.205215131,0.270310566,0.455075105,0.128615511,0.251417892,0.026803763,0.05659315,0.11060062,0.056126356,0.077058857,0.01328184,0.021183047,0.020432572,0.02538129,0.005397433,0.012492417,0.012361622,0.009591084,0.000789132,0.004111685,0.000418499,0.001003404,0.005124333,0.002031747,0.00059788,0.004347931,0.009112082,0.005252338,0.000762683,0.000292307,0.010964727,0.001419915,0.000429352,0.00630434,0.001851947,NA,NA,0.001178496,NA,0.004280615,0.003782197,NA,0.000883596,0.000436101,NA,0.002848143,NA,0.000835056,0.0064549,0.029537097,NA,0.015023454,NA,NA,0.000177893,0.000198472,0.003380626,0.002919238,NA,NA,NA,0.000391014,NA
38,T3,20.85672365,37.56072954,6.246607908,6.652383584,7.233106649,4.208963897,2.742985132,2.36836397,0.867541821,0.274641834,0.195228868,0.37586296,0.104230659,0.15933726,0.0507457,0.038210847,0.059438284,0.045617806,0.062842271,0.029238493,0.067769286,0.039606043,0.021946949,0.007577523,0.017228848,0.01699875,0.02525561,0.012514034,0.01069334,0.005374428,0.002252329,0.007607107,0.002130779,0.005960629,0.00370421,0.008298496,0.006253182,0.00056016,0.001665433,0.004513935,0.002141115,0.003687409,0.003480211,0.002213322,NA,0.001794653,0.001510793,0.000330742,0.004125325,0.004740746,0.000925212,NA,0.000857754,7.60E-05,0.002318436,0.000629957,0.002377604,0.0050585,0.009660091,0.004850681,0.009373016,0.005737106,0.003303474,0.000129698,0.000625793,0.001917226,0.005203498,0.00071586,0.000538721,0.002029244,0.000282005,0.002812745
39,T3,32.24875094,26.18121224,6.07302762,6.137522377,5.659071907,5.376850167,2.610116555,3.088887212,0.812771166,0.203570155,0.19043335,0.120358195,0.110560481,0.090205753,0.070957955,0.040945938,0.078528085,0.029304863,0.043234815,0.015583489,0.036800892,0.035072798,0.05455982,0.007158003,0.016451652,0.017935031,0.014164604,0.003875495,0.010067128,0.002734852,0.001796934,0.006208878,0.001614153,0.002916078,0.006264225,0.008559049,0.012365154,0.001450949,0.002416952,0.018009589,0.001909274,0.002423768,0.005359469,0.002155589,0.002603347,0.001770267,0.002969549,0.000252499,0.004105892,0.001593112,0.001484386,NA,0.000925706,NA,0.003924986,0.001857083,0.001628561,0.002931904,0.029889889,0.002563964,0.012658811,0.002636784,0.000371737,0.000105996,0.00080344,0.003059842,0.00444529,NA,0.000255299,NA,0.000253528,0.000226532
40,T1,25.03348156,20.24504382,10.18539996,8.110846338,7.359263751,5.299902142,2.87994125,7.825574115,1.073822039,0.310583803,0.238506146,0.428414735,0.254533719,0.19161769,0.105926303,0.079466882,0.090979051,0.0506316,0.091384171,0.044685615,0.072795057,0.068030673,0.02533901,0.032283447,0.010255874,0.018178508,0.02278,0.007029681,0.023523142,0.003464581,0.002030666,0.006938951,0.004427627,0.00711999,0.004081123,0.008045014,0.015140528,0.001848615,0.002995316,0.003291265,0.006370517,0.005321002,0.004264735,0.004107287,0.002638979,0.00739851,0.003474751,0.002819637,0.003003039,0.003870798,NA,0.001334154,0.001043776,0.000417628,0.001790547,0.003371023,0.00113248,0.00500619,0.020643412,0.003686553,0.024663809,0.00487537,0.004203376,0.000823956,0.0026789,NA,0.00799986,0.000799437,0.001101379,0.005127304,0.000689633,0.002432283
41,T3,24.65720003,35.41062312,9.13671826,7.969322403,5.286042264,3.841851313,2.030484374,2.840970864,0.631166643,0.264959639,0.123332142,0.20885081,0.040724466,0.030438809,0.050930528,0.028808261,0.041366418,0.046711984,0.059015783,0.034119797,0.05520502,0.029390229,0.006503733,0.011355001,0.004768039,0.007659593,0.000891062,0.015305344,0.007818207,0.001777972,0.000774726,0.005336856,0.002420731,0.003205263,0.001146632,0.003462967,0.000421306,0.001040736,NA,0.005222481,0.00248112,0.001495351,0.001927068,0.001174606,0.000521925,0.002957768,0.000909692,0.000533882,0.002694585,0.002601609,0.000309729,0.000404626,0.00048252,NA,0.001301612,0.001535783,0.000205465,0.000674079,0.002282939,NA,NA,0.003381757,0.000377079,NA,0.000228202,NA,NA,NA,0.001782009,NA,NA,0.000414558
42,T3,21.84358766,22.85750895,9.949622243,10.69714068,4.173885599,6.396921576,1.516399712,3.884167983,1.648751683,0.272367091,0.436672945,0.49900832,0.219502211,0.29918811,0.031863516,0.177130784,0.070479277,0.077620103,0.123394763,0.01342768,0.025510693,0.012308571,0.065684387,0.018283115,0.04266241,0.030724887,0.017532886,0.006566631,0.004998036,0.007771228,0.010146804,0.006775199,0.001261419,0.002785482,0.007925033,0.009235359,0.009758224,0.007564287,0.014293941,0.017936647,0.000493387,0.001857771,0.011458395,0.009468507,0.004313413,0.001421749,0.001834818,0.000796389,0.005036171,0.011987405,0.000944465,0.003538784,0.003306179,0.000712745,0.0013404,0.00060828,0.003420945,0.002726924,0.051088259,0.003592643,0.011559606,0.000760387,0.001204307,0.000710504,NA,0.004431613,0.001493067,0.000120442,0.003031823,0.001726919,8.53E-05,0.000358686
43,T1,19.11228417,22.92797759,9.279593553,7.248126643,7.364607683,6.675866567,3.19139262,2.867688053,1.261771471,0.825963296,0.241284838,0.644121363,0.136979824,0.157127287,0.298304186,0.040740183,0.128820515,0.215132966,0.092423948,0.186615777,0.168807329,0.096068677,0.048760466,0.09171191,0.020953436,0.019101012,0.03189326,0.042491156,0.025278264,0.044492,0.007725887,0.023726436,0.023950005,0.036888794,0.007967491,0.012557032,0.012652283,0.004273539,0.011022864,0.013891115,0.019736021,0.02586067,0.007903239,0.00774768,0.003598137,0.028425131,0.009837763,0.0121501,0.007496494,0.003370435,0.000207862,0.003438821,0.00808416,0.002967636,0.003296601,0.003731526,0.004814612,0.008221683,0.065511191,0.006778821,0.090250261,0.009408286,0.026394228,0.001390953,0.010841191,0.014693707,0.035368904,0.014451352,0.003658444,0.01678116,0.001630979,0.013021641
44,T1,24.89953959,12.84586377,10.72423479,10.41954711,7.971825179,7.404103335,1.555430579,2.922880433,1.533099672,0.755374741,0.297514015,0.37486226,0.175106706,0.17953432,0.47994094,0.073584002,0.123176742,0.108623084,0.09691575,0.181790551,0.291323842,0.15736347,0.057967794,0.065619697,0.035095006,0.013537196,0.059074698,0.016542227,0.038886247,0.032572655,0.012370898,0.023509161,0.030918085,0.033048971,0.006888641,0.009330964,0.023472521,0.004114441,0.003174151,0.016580795,0.014527431,0.01567136,0.007280107,0.010542965,0.004946739,0.049799079,0.022560387,0.021436128,0.009777196,0.00312652,0.001720714,0.002502681,0.001337579,0.001138278,0.002052785,0.005509833,0.00282781,0.020475783,0.054891992,0.005381787,0.12018386,0.021785169,0.015437637,0.005567299,0.020878819,0.011461078,0.022188205,0.014680932,0.00953711,0.018775703,0.001316984,0.011854279
45,T1,18.97686494,11.24826755,17.04032014,10.96262719,7.769111942,6.505261656,2.453525811,4.628087249,1.253887273,0.633453994,0.28423891,0.627567917,0.327403474,0.107829872,0.042891919,0.235511876,0.034488334,0.030645821,0.108507662,0.044555819,0.033578667,0.01838469,0.042392494,0.027261964,0.034969922,0.024701903,0.025275986,0.011017156,0.004401817,0.01130458,0.017370807,0.01153824,0.00065896,0.012462685,0.005976279,0.006494815,0.000671242,0.003620574,0.015156011,0.009299237,0.006073361,0.006496598,0.014122253,0.006326131,0.007670501,0.002256228,0.006146236,0.000750233,0.001416608,0.001386209,0.000425989,0.001329744,0.001948037,0.001829907,0.002229957,0.003600699,0.003390227,NA,NA,NA,0.030413946,0.004971314,0.004037441,0.001066221,0.001610186,0.009413646,0.000854246,0.001696337,0.000716725,0.002400959,0.00061256,NA
46,T1,10.39685123,21.28851515,12.13359038,13.0520197,6.71334451,7.661587179,2.505167247,1.239479097,1.293499116,0.606279041,0.374384539,0.237323203,0.42726542,0.191001259,0.119791839,0.355949206,0.035871695,0.063466847,0.041311075,0.083686532,0.25947853,0.030032283,0.054198009,0.082244811,0.058394127,0.005407342,0.002457421,0.042879614,0.006024078,0.049908446,0.01033322,0.006690206,0.004753673,0.015235514,0.006788545,0.005663647,0.017352707,0.001871211,0.014237879,0.002436641,0.010592195,0.010660277,0.015119376,0.004657558,0.008490131,0.017668195,0.01413242,0.006053446,0.00533926,0.002773087,0.001999275,0.001637866,0.000538598,0.004040466,0.000839313,NA,NA,0.005321461,NA,NA,0.037585741,0.004171155,0.016096097,0.002323528,0.004788826,0.017603229,0.003885259,0.003180862,0.000576154,0.008618284,0.002650808,NA
47,T1,23.01641433,14.66385768,11.1519392,10.86209939,7.772877028,4.17745335,2.810506138,3.450817113,1.524275395,0.468146128,0.340350272,0.407248434,0.33279877,0.343750015,0.037611807,0.164503676,0.070044099,0.119786877,0.075732792,0.021593849,0.027743153,0.020523792,0.116410635,0.011031147,0.045387348,0.018985291,0.029424224,0.010534659,0.007994565,0.010405093,0.00594908,0.010556436,0.002543227,0.004508341,0.00864459,0.007785097,0.011084728,0.00941008,0.010029711,0.007661328,0.001236488,0.000871775,0.016445667,0.011456193,0.013301297,0.002127894,0.003075435,0.000460563,0.004568502,0.006827059,0.002707887,0.002132751,0.001582995,0.002120531,0.003974252,0.001888816,0.003250436,0.00448625,0.01923283,0.010119796,0.016157394,0.001447617,0.001802804,0.001432921,0.001206219,0.007153873,0.001894299,0.001211452,0.005253621,0.002164085,0.000390594,0.000459232
48,T1,19.31103262,33.52222724,11.04762129,2.873686635,6.19036939,4.76397792,1.666544327,2.218593587,0.671683282,0.375344832,0.196118689,0.183108258,0.235231087,0.154031108,0.012796601,0.042603721,0.086766925,0.066700115,0.120087489,0.022658205,0.021558088,0.014190918,0.022209162,0.022776548,0.011253709,0.011221266,0.005122696,0.019804316,0.020489677,0.01413488,0.003139388,0.011356568,0.007319243,0.012266819,0.008688121,0.002049226,0.001269448,0.008446641,0.011540536,0.002398985,0.00619848,0.001229816,0.007806258,0.00452471,0.007812894,0.002465198,0.010214792,0.001462853,0.004000458,0.003902023,0.001318629,0.002803676,0.001556828,0.000847245,0.002163108,0.001926016,0.002884157,0.009446111,0.036151226,0.008594847,0.011217579,0.00256968,0.00453024,9.96E-05,0.001657733,NA,NA,NA,NA,NA,NA,NA
49,T3,20.0402815,9.17590388,8.460168388,12.72210469,7.60265981,5.744620466,3.353058396,3.115885139,1.843518532,0.767307794,0.270992696,0.465649642,0.260266032,0.144402446,0.179730176,0.089193695,0.077402172,0.138662822,0.082211215,0.092578762,0.097632941,0.072405763,0.080353175,0.060464348,0.044610119,0.026188986,0.018029227,0.041860533,0.04178871,0.036765758,0.009997657,0.022074757,0.01875839,0.019712392,0.015284013,0.010581768,0.024903973,0.003344783,0.010116634,0.029413231,0.007678543,0.010832994,0.015415169,0.006752021,0.008207694,0.017301625,0.009506916,0.006445211,0.00749633,0.007161571,0.003837866,0.004023514,0.005753052,0.002622802,0.002759735,0.005750866,0.002733816,0.005993036,0.077439645,0.005092277,0.068950435,0.016222713,0.01081254,0.000391078,0.004466164,0.009423226,0.026950939,0.006866626,0.004195109,0.01392905,0.000618009,0.007325047
50,T3,30.32349869,12.89114022,9.557893455,8.047032373,5.343078582,5.317439245,2.737431061,2.155298531,1.180512163,0.602404877,0.190780586,0.2226637,0.148269766,0.141428181,0.097806767,0.049636695,0.066485593,0.091949573,0.090629081,0.039188333,0.033307227,0.03712523,0.039697134,0.024239138,0.01385587,0.026278329,0.02644173,0.010126874,0.018447039,0.020435748,0.004652145,0.012740094,0.003355565,0.008151051,0.008278052,0.008931922,0.020593835,0.005298044,0.017559625,0.010191703,0.004843842,0.005253142,0.010671943,0.006915448,0.004481305,0.007812293,0.004188777,0.001895717,0.005201332,0.004658522,0.001929991,0.003169713,0.0032643,0.000113076,0.004633281,0.001320399,0.003349985,0.00549625,0.033639343,0.004242845,0.046118925,0.004216276,0.010042118,0.00082645,0.00305334,0.009437003,0.003439391,0.003048159,0.001750516,0.005312391,0.000656752,0.002234342
51,T3,24.15026704,10.35232586,12.61490957,12.61305872,6.39974505,6.376693516,3.149815363,2.497305535,1.514738132,0.635784847,0.311498567,0.321022048,0.143574036,0.196510116,0.036631747,0.09653713,0.12006652,0.156615819,0.11158793,0.036658668,0.069873068,0.040282975,0.088709704,0.029113918,0.031447676,0.01200295,0.033498758,0.013557499,0.010284854,0.017002609,0.016778824,0.013648022,0.009032668,0.008463614,0.01085845,0.008412968,0.011423465,0.006808111,0.006056496,0.008326651,0.006299799,0.004138844,0.01186767,0.009140858,0.005041219,0.005505447,0.00565688,0.000897344,0.007299091,0.006496831,0.00306047,0.001372996,0.002005147,0.001055373,0.002182661,0.006629924,0.005171956,0.017048039,0.051658991,0.005045425,0.020004356,0.004065146,0.002517833,0.002358323,0.000838352,0.007859059,0.008279539,0.002700395,0.002943529,0.003881912,0.000471059,0.000552009
52,T1,23.8899246,28.70513324,11.28258487,8.726134433,5.614251651,4.017481111,3.326114011,2.64887633,0.842259553,0.296941926,0.164632095,0.420247906,0.254943445,0.1027696,0.033232881,0.103563771,0.147481904,0.02874947,0.058339885,0.016558218,0.048078029,0.029416964,0.014394955,0.004152636,0.003461562,0.009774635,0.019055714,0.005581121,0.01121681,NA,0.005413029,0.011655796,0.001266337,0.004203697,0.004691065,0.008483985,0.003150325,0.003438906,0.00117016,0.004736035,0.001519984,0.000391716,0.004513862,0.003961889,0.001291965,0.000767715,0.001693338,NA,0.002136222,0.003891681,0.001100536,NA,0.000461082,0.000239362,0.001107503,0.00685423,0.001229065,0.005773573,0.011839966,0.002621787,0.025745751,0.002526243,0.000436175,NA,0.0002116,0.006541921,0.004402824,0.001280272,0.000307943,NA,0.000416121,0.000653169
53,T3,21.50196955,12.97313399,10.12585504,9.626107449,9.250317208,7.223009005,2.772477098,4.514647777,1.593973969,0.45059209,0.3263854,0.515473788,0.221377853,0.163301341,0.088401537,0.067611966,0.110658649,0.173331913,0.106108204,0.044464356,0.041228286,0.025722931,0.070775016,0.019818928,0.015233931,0.022096822,0.045620223,0.012782033,0.013240462,0.012032946,0.004842351,0.007585264,0.003348808,0.007980289,0.010089345,0.013828903,0.01364831,0.008476652,0.004745287,0.008770161,0.002773546,0.003493246,0.007885183,0.011394815,0.005334084,0.003222535,0.002174597,0.001577927,0.009080232,0.008688591,0.002069874,0.002369081,0.001714458,0.001439562,0.004848941,0.001754353,0.00270658,0.007511174,0.043762644,0.007373681,0.020989043,0.002990827,0.0054844,0.000292618,0.000732862,0.008354832,0.005174507,0.005276736,0.000907257,0.002688592,0.000385657,0.002181542
54,T3,9.841321765,9.987587897,14.49962563,19.96344097,8.157794403,7.881607066,1.826566419,1.154412776,1.241250433,0.230765207,0.408836888,0.355028554,0.154245808,0.183318821,0.025237823,0.115198199,0.022139831,0.087244185,0.113048213,0.011767089,0.004718654,0.005504468,0.094796379,0.011373135,0.042920099,0.012450642,NA,0.007846403,0.00238154,0.008846796,0.003348614,0.002088253,0.000646086,0.002438076,0.007656131,0.003743868,0.009372348,0.002771848,0.00994484,0.009257095,0.003269907,0.002434179,0.006560183,0.00417353,0.001890102,0.001652304,0.004094111,0.001612238,0.004446239,0.005045553,0.001794086,0.001166986,0.003312655,0.006138148,NA,NA,0.001146534,0.004523353,NA,NA,0.005823404,0.004936168,0.008880324,0.001009152,0.000658281,0.015868827,NA,NA,NA,0.003650451,0.000739671,NA
55,T3,21.27814536,10.86619002,11.29928642,11.6681733,8.303848674,7.322746259,3.705874778,3.387529057,1.668493949,0.191261728,0.31999864,0.337084094,0.228229883,0.354503311,0.134857478,0.145337616,0.171871724,0.086490543,0.125137046,0.05504695,0.058924951,0.039399852,0.07071153,0.01789602,0.027343084,0.01656256,0.046836396,0.002077591,0.013283265,0.007061458,0.008530966,0.003610037,0.005434923,0.010597591,0.011041177,0.016470378,0.020402416,0.005818273,0.013949836,0.020167193,0.002213321,0.004153911,0.009775264,0.009174174,0.008963427,0.007132184,0.003465566,0.00387069,0.008461512,0.006125652,0.004256901,0.0031682,0.005870562,0.000565743,0.002589996,0.000877874,0.004516441,0.002830782,0.046418398,0.008217388,0.044301391,0.003733688,0.014420759,0.001006913,0.004111952,0.002695687,0.007066226,0.002078068,0.002345873,0.003769131,0.000316168,0.003190132
56,T1,19.70928843,12.03506291,10.17224118,8.318730109,7.762159529,6.574705505,4.68533115,4.594293583,1.584467474,0.458101727,0.278630129,0.858132521,0.213248604,0.12283692,0.076942262,0.088587484,0.11068306,0.132887261,0.107241564,0.042301433,0.082149335,0.041994526,0.041727276,0.019461004,0.05537429,0.025588798,0.036139155,0.019262722,0.019804119,0.014966369,0.009496011,0.010861402,0.006773333,0.009303936,0.014232896,0.01178902,0.029033742,0.003058552,0.004643778,0.013908575,0.004074621,0.00317597,0.014422558,0.007185416,0.007233521,0.00544846,0.006154346,0.001603692,0.008057342,0.00693558,0.000966584,0.004162038,0.003509602,0.004912235,0.005337077,0.003873062,0.004567224,0.006986616,0.064553911,0.008502185,0.022004194,0.002970445,0.006259178,0.000273078,0.002189557,0.012921645,0.011929197,0.004478083,0.003135968,0.005794851,0.000580106,0.001935755
57,T1,22.49760699,3.818169868,12.8912834,10.93865986,5.795318309,8.322210463,3.545915838,3.897531366,1.608696151,0.382671225,0.243617755,0.886919857,0.329184882,0.266018089,0.136617513,0.164823912,0.039498879,0.027021212,0.078501749,0.080488542,0.088300689,0.01419193,0.074318737,0.043111481,0.026204175,0.020541401,0.018530634,0.03907176,0.014138196,0.03426598,0.003006919,0.00565616,0.000882704,0.008138687,0.006821231,0.00582811,0.000917204,0.006406512,0.016401101,0.010232122,0.010655659,0.012081961,0.006920433,0.010402143,0.010524768,0.015468879,0.010938935,0.007639371,0.002726371,0.007679052,0.00212157,0.0019238,0.007176153,0.00622354,0.002725048,0.002026777,0.001995997,0.011160762,NA,NA,NA,0.015953315,0.01672764,0.003143046,0.005967819,0.021141848,NA,0.001831928,0.001311339,0.005893418,0.00067088,NA
58,T3,21.88493427,20.74222087,8.245127811,7.823804277,7.466909944,4.482896876,3.766936438,2.703130712,1.468949567,0.118973224,0.174700862,0.759794012,0.116287467,0.192581775,0.061414058,0.026177439,0.209934224,0.05552494,0.081995206,0.009267308,0.032738359,0.042725971,0.03088439,0.008326207,0.014742342,0.023404812,0.020769368,0.000984536,0.00309738,0.001958105,0.005599911,0.003058831,0.001944785,0.004329063,0.007694222,0.013684328,0.020661141,0.001510539,0.002418267,0.017297792,0.001882346,0.001444264,0.007327555,0.012870276,0.003500967,0.003717348,0.000424183,0.000465736,0.004728307,0.006419392,0.006513141,0.00113475,0.000858646,0.000693012,0.002850449,0.00276166,0.002441288,0.000936974,0.054656232,0.002462679,0.00854447,0.002882881,0.001846548,0.001020407,0.000953407,NA,0.000531722,0.00017309,0.002180205,0.000439132,0.001064892,0.001082193
59,T3,22.77547338,11.53239257,10.97975701,9.79245161,6.047836901,6.369242227,3.584146877,3.311586393,1.422183344,0.390007281,0.323346596,0.277585866,0.173962785,0.142905606,0.081633509,0.080736454,0.161313224,0.026689323,0.114608474,0.046335282,0.075183485,0.08143312,0.044350178,0.029139393,0.015333367,0.014514589,0.055393496,0.025292861,0.022252583,0.024616548,0.010682304,0.011345624,0.007124302,0.008111375,0.010126851,0.007567037,0.023885441,0.002767561,0.007332049,0.013103099,0.006597341,0.004144454,0.014427232,0.006277971,0.008958958,0.007098158,0.007355219,0.001989018,0.006901682,0.002236687,0.002791514,0.003300471,0.002376646,0.002450383,0.003858116,0.002846621,0.004222887,0.004962918,0.053831087,0.004831099,0.048318821,0.003433072,0.003499295,0.001383201,0.002309484,0.007091895,0.009765994,0.004210363,0.002186433,0.007716076,0.000353295,0.002082168
60,T1,26.87586137,28.3194266,7.803635209,10.230202,5.54123467,5.47037872,2.321630126,2.756196652,0.924021464,0.07638471,0.167694078,0.292625093,0.060057902,0.157090635,0.031776399,0.024044617,0.085416349,0.057607883,0.046703552,0.009743192,0.022536683,0.023297636,0.022807632,0.001841307,0.002017399,0.015751477,0.014739535,0.000323892,0.004958968,0.000650428,0.00215452,0.000888544,0.000774076,0.001420462,0.002672317,0.003381725,0.007205352,0.000593743,NA,0.007169425,0.002947857,NA,0.004903082,0.004750043,NA,0.000913493,0.00067408,NA,0.004645556,0.002864277,0.00097886,0.000548285,0.002522073,NA,0.000399687,NA,0.002347927,0.000512957,0.0095426,0.003224495,0.005379563,0.001191827,NA,NA,0.000179291,0.001185041,0.000598034,NA,0.001061043,NA,0.000273205,0.000512358
61,T3,8.769257022,12.0410964,19.58030263,12.22057851,7.466456148,10.12039841,1.602655667,2.028482977,1.115900161,0.106712889,0.297791946,0.881041825,0.477752683,0.127346153,0.030992015,0.230957591,0.020380554,0.023381495,0.004233098,0.018691029,0.004542286,0.005474923,0.03362777,0.018030534,0.040415066,0.00853952,NA,0.003309028,NA,0.005952106,0.000771486,0.000929622,0.000820305,0.002851325,0.003225413,0.001144043,0.005636217,NA,0.016114623,0.005006355,0.001699815,0.004459867,0.004715785,0.004367159,0.004843624,0.002981174,0.006364675,0.000764833,0.008368653,0.004648204,NA,0.000879223,0.002867646,0.005471094,NA,NA,0.001776873,0.002515143,NA,NA,NA,NA,0.007038092,NA,0.001234741,NA,NA,NA,NA,NA,0.000842465,NA
62,T1,19.28198053,10.16202665,10.44748983,9.446716713,8.46444584,6.823528152,2.512670698,4.068345909,1.510427315,0.461267529,0.31495113,0.476763158,0.212081962,0.111239781,0.506399787,0.131759099,0.18751693,0.153580182,0.14272333,0.233623859,0.311019403,0.330364159,0.060252885,0.096467722,0.017124487,0.023765471,0.048745151,0.097526645,0.04385362,0.092861437,0.040235771,0.038669688,0.045381707,0.031336522,0.010902777,0.016147833,0.01671975,0.004301111,0.023243443,0.016909729,0.035603602,0.027859092,0.013705867,0.01030641,0.008242254,0.055936246,0.026025387,0.025802369,0.008863566,0.009461915,0.002397362,0.004457554,0.006709211,0.003370051,0.002982991,0.004063555,0.004732114,0.016262481,0.053291416,0.008533003,0.092882913,0.033038068,0.048997905,0.005254472,0.018522067,0.017824929,0.042351965,0.018168542,0.005854638,0.030426278,0.001940918,0.020739032
63,T3,0.245026243,0.260717221,0.11279447,0.06881407,0.073816088,0.049745174,0.018640819,0.047932202,0.010004555,0.002702024,0.001863252,0.0042884,0.000869542,0.00239495,0.000393219,0.000379816,0.002052436,0.00077578,0.000871773,0.000271863,0.000381253,0.000288669,0.000241695,7.02E-05,8.01E-05,8.90E-05,0.000555982,5.76E-05,0.000121418,6.03E-05,4.04E-05,3.08E-05,1.31E-05,1.46E-05,5.66E-05,6.16E-05,6.37E-05,1.68E-05,4.00E-05,0.000104918,NA,4.53E-06,3.73E-05,3.09E-05,9.43E-06,5.15E-06,3.57E-06,4.93E-06,2.39E-05,5.43E-05,2.28E-05,5.73E-06,3.45E-06,7.23E-06,4.16E-06,2.62E-05,3.04E-05,7.52E-05,8.84E-05,2.53E-05,0.00013863,9.52E-06,8.79E-06,1.28E-06,6.20E-06,7.50E-05,4.12E-05,NA,1.11E-05,6.67E-06,6.80E-06,2.36E-06
64,T3,0.195850547,0.273468118,0.088156572,0.073717493,0.066976788,0.062970302,0.01222117,0.029470805,0.010023155,0.004291983,0.001775206,0.007228793,0.001123759,0.001985709,0.002819807,0.000852327,0.001196024,0.000922417,0.000936389,0.002059038,0.003757307,0.004084441,0.000996486,0.000722139,0.000354477,7.64E-05,0.000245376,0.000506871,0.001833684,0.000601528,4.79E-05,0.000285168,0.000226454,0.000274292,6.81E-05,8.92E-05,0.000163193,3.37E-05,7.79E-06,0.000111219,9.73E-05,0.000149739,3.78E-05,2.96E-05,1.32E-05,0.000364757,0.000151414,0.000174934,2.43E-05,7.77E-05,7.37E-06,8.67E-06,4.33E-05,1.29E-05,1.40E-05,7.64E-05,6.41E-05,0.000206797,0.000114421,2.35E-05,0.001219434,0.0003197,0.000335069,5.11E-06,0.000179033,0.000134083,0.001620452,9.52E-05,2.11E-05,6.57E-05,3.26E-05,0.000135536
65,T3,0.243980868,0.284106129,0.095987337,0.066528406,0.062465272,0.041503739,0.015314113,0.023037443,0.00893263,0.005866723,0.002271933,0.003888511,0.000733148,0.001266705,0.00274264,0.000548692,0.000779466,0.000550186,0.00044119,0.001173682,0.001761366,0.001420121,0.000214112,0.000436144,7.24E-05,6.77E-05,0.000358722,0.000311044,0.000737052,0.000325441,0.000164039,0.00020268,0.000103275,0.000181535,2.82E-05,3.13E-05,6.30E-05,5.93E-06,9.73E-05,3.07E-05,0.000138677,0.000103617,1.65E-05,3.43E-05,9.38E-06,0.000250979,4.77E-05,8.30E-05,1.77E-05,2.52E-05,2.13E-06,NA,5.33E-06,1.08E-06,1.25E-05,5.55E-05,1.54E-05,9.68E-05,0.000342291,2.06E-05,0.000805735,6.50E-05,0.00019559,7.38E-06,7.82E-05,8.20E-05,0.00033497,2.88E-05,2.36E-05,1.74E-05,1.82E-05,0.000114529
66,T3,0.283101339,0.233652916,0.108127149,0.069816377,0.062688914,0.0486802,0.019744498,0.032819086,0.010406941,0.003281539,0.00231772,0.001979205,0.000549063,0.002300126,0.000717132,0.000415992,0.001155241,0.000730129,0.00062076,0.000364135,0.000601317,0.00040299,0.000418951,9.41E-05,0.000146681,0.000122726,0.000518213,7.62E-05,0.000167192,5.52E-05,0.000128823,5.64E-05,2.57E-05,3.66E-05,4.85E-05,4.29E-05,0.000107477,1.66E-05,7.30E-05,7.94E-05,NA,2.04E-05,3.61E-05,2.69E-05,9.74E-06,1.96E-05,3.18E-05,1.10E-05,1.44E-05,3.50E-05,2.09E-06,NA,3.05E-06,NA,8.86E-06,1.40E-05,4.63E-05,9.15E-05,9.55E-05,1.96E-05,0.000148086,1.74E-05,8.48E-06,3.41E-06,1.42E-05,7.60E-05,3.59E-05,3.23E-05,1.83E-05,9.87E-06,8.18E-06,NA
67,T3,0.255223443,0.255989947,0.091213915,0.063486484,0.054724461,0.045568632,0.021338791,0.0373165,0.010501653,0.004866464,0.001443859,0.003152273,0.000424687,0.001559724,0.002209863,0.000505781,0.001168251,0.001038779,0.001162253,0.000982124,0.001558446,0.001179416,0.000302969,0.000199535,0.000100356,0.000130272,0.00066297,0.00022789,0.00056027,0.000281762,4.63E-05,0.000263688,6.73E-05,0.00011893,3.36E-05,6.23E-05,4.64E-05,7.53E-06,NA,8.95E-05,1.93E-05,6.18E-05,3.22E-05,4.05E-05,1.27E-05,0.000100562,2.86E-05,5.67E-05,8.57E-06,1.02E-05,8.52E-06,NA,6.99E-06,2.78E-06,7.05E-06,8.69E-05,2.93E-05,0.000106716,0.00011186,2.70E-05,0.000387479,5.32E-05,0.000141531,5.54E-06,1.99E-05,9.76E-05,0.000148474,5.69E-05,1.71E-05,5.94E-06,1.12E-05,7.85E-05
68,T1,24.987485,23.3571042,11.98261714,9.1866212,8.306176609,5.086320614,2.492632137,3.034650969,0.900624693,0.205018925,0.174581254,0.448520291,0.165075569,0.115844692,0.096428162,0.055140764,0.096046376,0.06757607,0.073404146,0.051096952,0.089859889,0.060322142,0.029736432,0.013392887,0.020474622,0.014041143,0.013671045,0.006606061,0.01924161,0.003826116,0.003861996,0.007125758,0.002789139,0.005454861,0.007106279,0.012032483,0.005103462,0.002537511,0.005728734,0.010116542,0.003406697,0.004321191,0.00566757,0.003684037,0.000708563,0.009314013,0.005194234,0.00304926,0.003041118,0.003460225,0.000731353,0.001186146,0.001183458,0.000750988,0.002891248,0.002239524,0.003364584,0.005717046,0.012922667,0.004420923,0.027989567,0.00475518,0.002209838,0.000170241,0.003246815,0.003723969,0.005783664,0.001974066,0.000293745,0.003667987,0.000562082,0.002749948
69,T3,0.274497734,0.221621488,0.096669366,0.088271943,0.081675691,0.046970524,0.011838484,0.033115982,0.010624504,0.003768362,0.00207666,0.007108596,0.000884892,0.002535839,0.00053644,0.00029447,0.000580914,0.000918501,0.000935209,0.000200331,0.000561744,0.000537406,0.000207637,6.48E-05,0.000187423,9.89E-05,0.000163071,6.69E-05,0.000164317,8.41E-05,2.23E-05,0.000101363,1.91E-05,3.23E-05,3.17E-05,3.39E-05,8.97E-05,2.72E-05,9.98E-06,7.92E-05,2.53E-06,2.25E-05,4.86E-05,2.70E-05,8.28E-06,2.03E-05,1.45E-05,7.46E-06,1.75E-05,8.05E-05,5.07E-06,1.29E-05,1.93E-05,8.76E-06,1.77E-05,1.66E-05,2.40E-05,8.18E-05,0.000453867,3.42E-05,NA,2.31E-05,9.08E-06,1.56E-06,5.27E-06,8.83E-05,7.73E-05,NA,2.41E-06,NA,6.84E-06,5.81E-06
70,T1,0.209723849,0.401840758,0.076131578,0.060448957,0.05531744,0.032007066,0.012917517,0.031199313,0.007543636,0.003234814,0.000957358,0.002450875,0.000275731,0.001098974,0.001256377,5.00E-05,0.000516224,0.000602569,0.000481848,0.000321523,0.000551984,0.000518491,0.000251898,8.72E-05,1.90E-05,5.15E-05,0.000400266,6.85E-05,0.000146091,0.000102688,4.35E-05,5.46E-05,2.34E-05,3.49E-05,1.79E-05,2.20E-05,5.44E-05,6.81E-06,1.97E-05,2.64E-05,2.41E-05,2.71E-05,2.23E-05,3.43E-05,2.19E-05,7.95E-05,2.23E-05,3.17E-05,2.09E-05,1.84E-06,NA,NA,1.81E-07,2.79E-06,5.89E-06,2.04E-05,3.62E-06,7.62E-05,9.24E-05,2.07E-05,0.00015635,2.52E-05,4.57E-05,0.000127973,6.10E-05,3.05E-05,7.58E-05,1.53E-05,0.000304119,1.09E-05,2.12E-05,1.87E-05
71,T3,0.229138417,0.273651324,0.1043175,0.079994123,0.061261509,0.046139795,0.013718101,0.042919183,0.009565892,0.00405816,0.001987386,0.003335329,0.000890495,0.001629791,0.001729702,0.000743856,0.00062825,0.000614569,0.001001126,0.000798224,0.001127451,0.000534386,0.000150885,0.000221895,0.000200646,9.05E-05,0.00010446,0.000253172,0.000305295,0.000170412,6.13E-05,0.000107853,4.63E-05,0.000151507,4.63E-05,0.000223595,3.10E-05,7.63E-06,2.73E-05,6.33E-05,6.80E-06,4.40E-05,4.13E-05,4.74E-05,2.13E-05,6.18E-05,2.33E-05,3.16E-05,2.09E-05,1.05E-05,NA,NA,6.44E-06,3.38E-06,6.87E-06,3.29E-05,4.47E-05,0.000120871,7.55E-05,6.05E-05,0.0005078,5.07E-05,0.000107101,NA,2.38E-05,6.41E-05,0.000124525,3.20E-05,7.43E-06,4.00E-05,1.11E-05,5.20E-05
72,T3,0.176567243,0.237980317,0.126527133,0.090764911,0.077636889,0.04043105,0.033615651,0.027717817,0.014775077,0.002778485,0.001507907,0.009233841,0.000548211,0.002991187,0.000765662,6.44E-05,0.00071962,0.00140144,0.00112063,0.000201436,0.000443159,0.000173085,0.000273496,8.27E-05,7.95E-05,6.74E-05,0.00049244,5.89E-05,0.000183001,4.21E-05,6.85E-05,3.46E-05,1.88E-05,2.08E-05,5.33E-05,7.96E-05,1.22E-05,4.79E-06,2.38E-06,3.97E-05,1.69E-05,2.82E-06,4.11E-05,5.32E-05,1.87E-05,3.07E-05,6.79E-06,5.26E-06,1.48E-05,1.89E-05,NA,NA,3.90E-06,5.36E-06,1.78E-05,5.73E-06,1.60E-05,6.65E-05,6.48E-05,5.34E-05,0.000138584,9.31E-06,1.66E-05,NA,1.28E-05,6.62E-05,6.67E-05,3.81E-06,1.50E-05,NA,6.77E-06,9.44E-06
73,T3,0.232874118,0.212498388,0.111240177,0.093752518,0.057223353,0.042057682,0.019760231,0.019830511,0.011294227,0.003588237,0.000610503,0.005072794,0.000210066,0.00107243,0.003313596,0.000240166,0.000871967,0.000399097,0.001132113,0.001186415,0.002057339,0.001225893,6.52E-05,0.000525058,4.57E-05,0.000171928,0.00076155,0.000427237,0.000570531,0.00044361,0.000107111,0.000110082,0.000142976,0.000217182,3.91E-05,4.64E-05,8.31E-05,NA,NA,8.73E-05,0.00010581,0.000109686,1.59E-05,4.65E-05,3.41E-06,0.000284541,6.68E-05,5.94E-05,1.86E-05,1.04E-05,NA,6.68E-06,1.25E-05,4.79E-06,8.80E-06,5.38E-05,1.89E-05,6.62E-05,0.000286298,1.79E-05,0.000494481,0.000197383,0.000744694,1.35E-05,9.00E-05,9.35E-05,0.000283201,0.000104756,3.42E-05,5.68E-05,2.31E-05,0.000130661
74,T3,0.286915578,0.197896119,0.095796088,0.073063016,0.063092448,0.040802463,0.029978852,0.025630147,0.010641163,0.001595468,0.001319764,0.006951567,0.000569078,0.001692788,0.000113833,0.000274091,0.00071667,0.000744016,0.000776485,3.31E-05,0.00016415,7.28E-05,0.000248071,8.41E-06,5.73E-05,8.31E-05,0.000401783,1.77E-05,3.31E-05,6.92E-06,6.14E-06,1.79E-05,NA,NA,2.65E-05,4.09E-05,2.45E-05,4.51E-06,7.01E-06,6.32E-05,NA,NA,3.72E-05,3.14E-05,1.49E-05,NA,NA,NA,8.26E-06,4.74E-05,2.11E-06,NA,2.96E-06,5.71E-06,8.21E-06,NA,9.46E-06,3.25E-05,0.000215059,2.10E-05,NA,1.89E-06,NA,NA,1.37E-06,4.73E-05,4.32E-06,1.86E-06,8.06E-06,NA,NA,9.59E-07
