"id","group","P05814","P00709","P47710","P02788","P01834","P02768","P07498","P10451","P19835","P01876","P0DOY3","P01591","P01833","P01877","P04264","P13645","P10909","P35527","P61769","P61626","CON__P00761","P47989","A0A0J9YVR3","CON__P02662","S4R371","Q13410","P01857","P22897","P08571","P35908","P01034","P02647","P63261","Q08431","Q08380","P04745","P23280","E9PJK1","P01011","Q6WN34","E9PNW4","H0YCU0","P01859","CON__P02663","H0YLF3","P01009","P01619","P02763","P0C0L5","A0A0G2JMB2","CON__P02666","P01780","P15291","H0Y8D1","V9HW75","CON__P02754","P01871","G3V2V8","P25311","P02774","Q5H9A7","Q99541","P18065","P23284","P02787","P02766","P07602","P02649","P08779","P63313","E9PDQ1","CON__P02668","P01024","P49327","H0YH81","P81605","A0A087X0Q4","P06733","P02765","CON__P00711","D6RF34","P02750","P04406","P30086","A0A0C4DH31","D6RAL1","Q02818","P04004","H0Y8K1","Q16851","P06858","Q6X4U4","A0A075B6K5","P02533","P20061","P00738","P06396","Q92876","P06702","Q9P2X0","P63104","D6RC73","P07195","A0A087X1J7","O00560","P02749","A0A0C4DH29","P01860","O60664","O00391","P15328","P04432","P34096","P13647","P25705","P02790","E7EU05","P01717","A0A0C4DGN4","F5GZD9","P23297","Q96KP4","A6NNI4","A0A087WWM1","P06727","P19652","P04080","P60709","P23528","P12273","P62937","A0A0C4DH68","Q2QBA2","P25774","P05155","Q9NP72","P04075","P05090","P04003","P01602","Q01469","P04217","P01008","P45877","P07108","A0A075B7B8","P01594","P19875","P84077","P24821","P50395","Q9H4G4","A0A0C4DH38","P60174","Q9BRK5","A0A0G2JNJ5","Q9NZH0","P07737","Q12841","X6R3G6","Q14512","P04066","P60953","Q9H173","P08238","P00441","G3XAM2","Q9UBI6","P02675","A0A075B6J9","A0A0B4J1Y9","P14550","P01042","P40925","P27105","Q5SZC9","P04114","P31431","P68871","P61586","Q9UHD0","P01721","P00450","P10599","Q14697","P62258","C9JEU5","Q96FE7","Q9HB40","P28799","Q96S86","P61224","P02671","P00747","F8WBR5","P30041","P08294","P43490","P36871","P01023","E9PHK0","Q6UXA7","Q6UXI9","Q9BY76","P10643","A0A0G2JNZ7","P62805","Q16555","P13693","O14745","O00300","P63000","P15531","P02748","P07237","P14174","P31946","P15311","Q02413","O75629","P20339","Q99880","P14923","P27797","P11021","P02760","A0A0C4DH36","E7EPB3","P52209","A0A0A0MS15","S4R3V8","P00558","P01133","CON__P35908","P00491","Q92520","Q02487","P47929","P04792","P49189","P50591","Q9H3G5","Q9BXJ1","P62820","P58499","P05109","P36222","P17066","Q14195","P15289","P52823","O75874","Q14624","Q9UHL4","Q9HCY8","Q01459","Q99536","P07858","Q9Y646","P27348","P02751","P08603","P06312","P29966","P04433","Q5T749","C9JEN3","Q6PCB0","P36955","Q99519","P02794","P51149","P15924","P53634","Q68D85","Q08554","M0QZK8","Q9UN76","Q14376","Q5T985","O00299","P00167","Q99538","P68036","A0A0C4DH35","B1AKG0","Q14118","Q9NQX5","P01019","Q8NEZ4","P0DJI8","P0C0L4","P14625","P61019","P07996","P13639","Q86Y46","P01861","P09467","P28838","P54802","CON__P04259","P19827","Q2I0M4","Q15181","Q9UNQ0","A0A024R6I7","Q9NR31","O15232","Q13438","Q15833","Q9BWS9","P62701","P19440","P43652","O00764","P31947","P00352","P07900","Q92484","B5MCP9","Q99650","Q8N1N4","Q9NZP8","P48449","Q9BWD1","Q01518","P15814","P07360","Q13790","O60543","Q10471","E9PCD7","P61981","Q96RL7","P31944","P27169","CON__Q6NXH9","O75891","A0A1B0GWF2","Q9NR45","O75355","Q02809","Q8WUM4","Q96PD5","Q06210","P28070","O43278","P04083","Q5D862","A0A087X0D5","P25788","P30044","P29992","O75083","P21399","Q8NBJ4","P04196","O60603","H0Y7S3","P53396","Q9HC84","P05386","Q02790"
1807,3,13.22127479,21.89860514,9.271612846,8.554041906,4.734920657,6.352980678,7.386830781,0.939973612,2.474874373,3.614486616,2.747357937,1.162053962,1.582644812,1.977127523,0.063964942,0.053034173,0.901858952,0.035040911,1.505287361,1.750413785,0.143739814,0.439648181,0.51325863,0.005968208,0.021117375,0.178570812,0.21515444,0.334985967,0.292076756,0.023740679,0.14701139,0.260553594,0.278692305,0.159191159,0.077909429,0.081301875,0.137510928,0.060508031,0.479011842,0.126326329,0.06835256,0.037502248,0.145448124,0.002467461,0,0.070089074,0.088517875,0.097615434,0.157877694,0.087583139,0.00210239,0.09859046,0.070745807,0.015892121,0.056148617,0.002268306,0.108288345,0.058316237,0.050012398,0.002860775,0.051019656,0.037516349,0.021716493,0.027422814,0.098102947,0.063948826,0.049722308,0.06376752,0,0.025441738,0,0,0.101040113,0.105286714,0,0.010690639,0,0.073183372,0.054130071,0,0.08003273,0.022922786,0.076467035,0.030023555,0.058130901,0,0.032685538,0.019802299,0,0.042034911,0.060036634,0.017777306,0.017670537,0.001159475,0.053606296,0.049097807,0.025517483,0.057196165,0.019949359,0.017696323,0.018770866,0,0.021073459,0.01112376,0.023881293,0.011570983,0,0.006760316,0.023056952,0.018882873,0.054428219,0.019533562,0.019209225,0.001369388,0,0.018616151,0.027078734,0.015864321,0.037299587,0.02796633,0,0.024162922,0.037974048,0.009656788,0.034011896,0.027851906,0,0.005983518,0.029914771,0.008832045,0.062192168,0.003933868,0.007922692,0.018052086,0.01440017,0.013641503,0.023300709,0.010470653,0.012382027,0.032326551,0,0.021324468,0.008568949,0.009585072,0,0.010981535,0.012405798,0.004786089,0.018778118,0.000258052,0.010763161,0.00772527,0.022431243,0.016479152,0.010672105,0.000500769,0.007785705,0.019572241,0.038732715,0.00437956,0.005782469,0.011597977,0.008664035,0.008582245,0.001590461,0.011815545,0.016039987,0.002401707,0.012363896,0,0.002674956,0.008745824,0.009513355,0.006701895,0.000501937,0.00314454,0.005298985,0.002102833,0,0.014461411,0.010866707,0.002501788,0.009570164,0,0.006360233,0.012717243,0.012096369,0.002463392,0.006148709,0.013205964,0.007554841,0.001299484,0.006911002,0.007474664,0,0.013569786,0.003038214,0.007386831,0.006002455,0.003591803,0.003718033,0.0017208,0.001907909,0.001966894,0.001055164,0.003622585,0.038517161,0.004344507,0.002523021,0.001643846,0.00951134,0.011945683,0,0.001866249,0.002008151,0,0.004288907,0.011550032,0,0,0.004035077,0.004020049,0,0.002475398,0.002533537,0.003055901,0.005579809,0,0.003364848,0.009774839,0.000858225,0.007215194,0.001730833,0,0.001398881,0.000535015,0.00060508,0,0.01059918,0.006817931,0.002043365,0,0.001412821,0.005570945,0.000876154,0.002660814,0.004485926,0.001224907,0.007099158,0.000919224,0.000619665,0.00939329,0.001677367,0.000457094,0,0.002639662,0.000605926,0.001729342,0.000643437,0.000945574,0.005142256,0.002159683,0.018609302,0,0.048658643,0,0,0.004259495,0.005424691,0.000855727,0.001173456,0.007015757,0,0.003476774,0.00023231,0,0,0.000118417,0.002844095,0.002968189,0.00657216,0,0.000548472,0,0.003890073,0,0.002157588,0,0.002775642,0.000253732,0.002247879,0.007544366,0.000872084,0.000999966,8.26717e-05,0.003108037,0,0,0.001863952,0.001321966,0.001491951,0,0.001330186,0,0.00269764,0.00031501,0,0.003921781,0.000687192,0,0.000783969,0.000173055,0.00044404,0.001117412,0.000853712,0.005294553,0.000267222,0.000746459,0.01433772,0.000225255,0,0,0,0.000266335,0,0.002792322,0.000653509,0.00121145,0.000781915,0,0.001835749,0.000519584,0.000142253,0.000845855,0.000123574,0,0.001285101,0,0.001931116,7.02784e-05,0.000850247,0,0.002888294,0.000702301,0.001379582,0.000239885,0,0.001689293,0,0,0.000514749,0,0.001355085,0,0.001589373,0.00511083,0,0.000395454,0,0,0.000308165,7.21358e-05,0,0.000137559
1809,1,14.27230806,21.0556866,11.37700959,7.569573723,4.731240952,5.870554796,8.145750815,0.882144628,1.756121886,2.266445265,2.297673446,0.976069387,1.453757601,1.933573449,0.134528257,0.14593169,1.029088661,0.083231681,0.623774329,1.143157312,0.104676175,0.586643679,0.486782135,0.080204949,0.040342691,0.43966533,0.116731626,0.219283598,0.452122286,0.062785801,0.256060786,0.165526516,0.325153994,0.344127687,0.081725178,0.208120382,0.345054238,0.134363537,0.433625594,0.20015548,0.160523144,0.052916324,0.088636558,0.016732471,0,0.076872799,0.109463352,0.118828375,0.136017601,0,0.038218489,0.036337935,0.142894664,0.01990745,0.067490619,0.060651304,0.039920596,0.04817719,0.096409287,0.001744214,0.053232037,0.11155667,0.112435177,0.073990198,0.051286281,0.054405668,0.122507123,0.05537683,0.002910261,0.021494597,0.014047877,0.015463097,0.091429936,0.225522371,0,0.035785436,0.001052801,0.108190203,0.057741249,0.017773639,0.079316147,0.034450517,0.09785745,0.032787531,0.063036313,0,0.04422734,0.029330468,0.00366811,0.076457568,0.043465509,0.004229874,0.029427241,0.006427171,0.131010797,0.022524441,0.037237032,0.042950759,0.002942381,0.01650152,0.028395682,0.022093423,0.026504146,0.033859927,0.022028221,0.018899226,0,0.007847196,0.044923968,0.027261515,0.061783754,0.03163552,0.005806383,0.005143041,0,0.018592435,0.061718553,0.028170221,0.065750763,0.019418438,0,0.023678511,0.048187485,0.031770041,0.019226264,0.035569241,0,0.011852982,0.038197899,0.076217351,0.163779797,0.006869857,0.010351284,0.020599275,0.012882482,0.0233501,0.040950097,0.023056349,0.017226974,0.022046409,0,0.015421231,0.013540333,0.009187605,0,0.012944252,0.025339781,0.006513993,0.035442269,0.000152291,0.018849124,0.010117587,0.021741677,0.024107812,0.014709503,0.001032795,0.012652561,0.027470161,0.007148508,0.019421526,0.003375595,0.006059983,0.012753109,0.011086347,0.007599086,0.01059356,0.005725738,0.006005076,0.002451652,0,0.046166232,0.016852236,0.008433668,0.019494621,0.002800653,0,0.003426349,0.000821164,0.006780633,0.018275006,0.007368821,0.008900031,0.006047286,0,0.007648502,0.014689599,0.002523168,0.002496264,0.006885985,0.013510135,0.007358183,0.001114537,0.002844647,0.008355426,0,0.016846059,0.006544191,0.020606138,0.015782242,0.002632433,0.004779284,0,0.001708833,0.004419645,0.000677308,0.003983137,0,0.00724082,0.006880152,0.003593986,0.004159525,0.009132699,0.001441472,0.000691996,0.003720958,0,0.006208231,0.005789224,6.87947e-05,0.005293691,0.004569953,0,0,0.001944555,0.005585726,0.003049312,0.00281987,0.005335215,0.009677304,0.005637201,0.001279566,0.015962405,0.002853638,0,0.003882246,0.001511101,0.001741812,0,0.016967883,0.013075685,0.001462886,0,0.00403324,0.011989562,0.004470434,0.002148739,0.014730779,0.00153423,0.02418777,0.002298497,0.004930964,0.013063675,0.000695393,0.002701341,0.002760743,0.006085034,0.002182575,0.009105932,0.002057491,0.002889911,0.001582102,0.001929147,0.01323869,0,0.050922524,0.000156834,0,0.00709017,0.003139942,0.001903512,0.000866839,0.00747486,0,0.012688593,0.000600714,0,0,0.00024848,0.00499445,0.000922638,0.011661152,0.001305407,0.008955625,0,0.002251586,0,0.002395991,0.002047368,0.00216401,0.000222032,0.001929524,0.005540085,0.002121835,0.001846443,0,0.008222963,0,0,0.005027394,0,0.004488965,0,0.000610631,0.00047309,0.010218135,0.000854451,0,0.011269942,0.001558664,0,0.003017809,0.000501813,0.001201461,0.00293466,0.000467325,0.006252156,0.002448255,0.000521922,0.024403279,0.000669004,0,0.00030233,0,0,0.000920545,0.004482445,0.000971265,0,0,0,0.00709566,0.000971917,0.00038994,0.002630511,0,0,0.000361972,0,0.004128297,0.000147685,0.001653892,0.000725661,0.005457725,0.000618558,0.001305784,0.002007045,0.004022601,0.005971789,0,0,0.000628373,0.001145319,0.007164294,0.000340816,0.003341587,0.002515653,0.000599924,0.000178073,0.000101069,0,0.005092252,7.93779e-05,0,0.000509088
1812,3,19.30939713,22.18713781,7.804885032,6.821732855,4.574636295,6.537525607,6.148211005,0.893678119,2.325528655,2.465621199,2.525460295,0.959436618,1.315132045,2.069552407,0.21740147,0.248182367,0.695909337,0.054139773,1.074181975,1.450443533,0.138893486,0.305547456,0.546710018,0.010012898,0.015275855,0.158230204,0.174011485,0.210635895,0.281114739,0.061656657,0.277179854,0.333770867,0.257273963,0.154416742,0.069188718,0.218831992,0.279042948,0.060487954,0.634856004,0.126993968,0.090100148,0.046311742,0.208476831,0.004474462,0,0.121218755,0.126785271,0.243651747,0.146801202,0.1165743,0.001777339,0.057099475,0.148561845,0.0159471,0.085034505,0.004203156,0.130006792,0.046782259,0.056568246,0.001469264,0.038620312,0.028338005,0.047533567,0.044581455,0.034802297,0.080928868,0.080371078,0.030649228,0.001326591,0.039504428,0.010303177,0,0.078583873,0.161478286,0,0.016820592,0,0.068904131,0.045655295,0,0.064616358,0.028649533,0.083672283,0.051145921,0.061121634,0,0.032398488,0.035844264,0.002767093,0.076041565,0.068638517,0.034433473,0.011460875,0.006657052,0.031751528,0.054412976,0.046270002,0.0349518,0.005492144,0.018783101,0.015886388,0.01401229,0.019700988,0.011821352,0.035563471,0.02378993,0.005623054,0.005631022,0.013434769,0.017869009,0.035988834,0.031576222,0.012751002,0.004126507,0,0.022521053,0.027080891,0.006059799,0.027255817,0.028501547,0,0.01963762,0.018462467,0.008665096,0.015270543,0.032929337,0,0.008014341,0.029734756,0.003389276,0.04725657,0.0107828,0.010374134,0.017308942,0.013369504,0.009423994,0.02939477,0.009058964,0.026244585,0.015081957,0,0.03294793,0.009508231,0.009423614,0,0.009955602,0.012530163,0.003188813,0.016016919,0.002007854,0.009315092,0.003991803,0.019103736,0.019468007,0.014090457,0.000859262,0.013976242,0.01330993,0.026590643,0.007150336,0.004237306,0.007874324,0.008148666,0.007075205,0.000932648,0.014865291,0.00645898,0.001848448,0.004672534,0,0.054856932,0.009175834,0.013786897,0.01391591,0.000520945,0.003107687,0.002270774,0.004383773,0,0.010785077,0.003941336,0,0.016840323,0,0.007225467,0.01395727,0.005735371,0.00222949,0.007548378,0.013873791,0.002867799,0.00080151,0.003421036,0.010000756,0,0.012130603,0.009926763,0.013929191,0.009569702,0.003717992,0.006045001,0.007640584,0.00133752,0.004338619,0,0.002959626,0,0.010619637,0.003724177,0.000828679,0.005211352,0.006290884,0,0.003364422,0.002046748,0,0.004481292,0.008424525,0.000115557,0.004860361,0.001989489,0,3.08458e-05,0.000454997,0.002368596,0.003603095,0.002152272,0.004070728,0.003940198,0.015712221,0.000606777,0.008896939,0.001983417,0.000931016,0.003540145,0.001045799,0.001167337,0,0.010438261,0.007464519,0.002173142,0,0.001706799,0.009068071,0.001087918,0.001508651,0.004616376,0.001360286,0.010133563,0,0,0.01304166,0.004316232,0.002310958,0.000582264,0.003604917,0,0.007835241,0.002395461,0.001329855,0.002419177,0.002211618,0.027338536,0,0.048197603,0.001062799,0,0.006344386,0.003915534,0.001457236,0.002028192,0.005640508,2.00747e-05,0.001148706,0.000431661,0,0.00105889,0,0.002732639,0.003619222,0.006924943,0,0.001534112,0,0.001628747,0,0.001436366,0.000260537,0.003878348,0.000262715,0.003703573,0.003967897,0.000178265,0.001397624,0.000367857,0.002983379,0.000154948,0.005050465,0.000902064,0.001011345,0.001273734,0,0.00238829,0,0.004733246,0.000174467,0,0.002662138,0.002370417,0.000239508,0.000888973,0.000570957,0.00126311,0.000538172,0.001505426,0.003451847,0.000645784,0.000179476,0.015403729,0,0,0.000625825,0.000243105,0,0,0.005807086,0,0,0.000597291,0,0.001351294,0,0.000380967,0.000795856,0,0.000565037,0.00577028,0,0.002530621,0.000145925,0.002412233,0,0.001876071,0.001065682,0.002116718,0.001409577,0.002431471,0.003004211,0,0.000374197,0,0.000606929,0.002535895,0,0.001383015,0.006303785,0.000443196,0,0,0,0.001544395,0,0,0.000179529
1816,2,20.13447111,31.716679,6.433173556,6.225735682,2.565834932,5.023115909,6.51479698,0.812854926,2.115762333,2.559440231,1.950799833,0.747816134,1.30628672,1.049770813,0.227906117,0.2023845,0.461130754,0.160860533,0.879921306,1.964005151,0.189881039,0.335727021,0.718702047,0.028179837,0.008826248,0.097511397,0.088917543,0.213894962,0.228441608,0.099357023,0.06815296,0.170998474,0.218199688,0.12911058,0.074469677,0.068038583,0.124649886,0.022624765,0.115536137,0.105715331,0.052670504,0.024809882,0.02811797,0.004926364,0.002178826,0.062725262,0.048588813,0.116685104,0.029881972,0.126266758,0.019079605,0.049752856,0.08277759,0.018233217,0.087248682,0.015133087,0.02954612,0.070872007,0.041759999,0.002738232,0.041398673,0.026160047,0.043747556,0.035629404,0.040611033,0.018824857,0.060006214,0.025595962,0,0.02210903,0.005530637,0,0.021670759,0.152760577,0,0.032762187,0,0.064924415,0.031757751,0.044009583,0.062761654,0.036771093,0.058290562,0.035178656,0.028482936,0,0.023266315,0.015352482,0,0.048450521,0.055503928,0.019917155,0.018770788,0.007253567,0.01393421,0.005235337,0.016435942,0.02230607,0.003631826,0.011894664,0.016233183,0,0.018338236,0.023433201,0.014324131,0.009154301,0,0.000228795,0.014226911,0.016334563,0.034454443,0.009969495,0.003398966,0.007196379,0,0.013178284,0.001250138,0.003184197,0.014985957,0.02639348,0.004899953,0.019889601,0.031590865,0.008582417,0.008988975,0.022777614,0,0,0.020620052,0.007672082,0.037308143,0.005324759,0.003797621,0.008034968,0.004063651,0.002805818,0.026277024,0.0072858,0.001051227,0,0,0.008703552,0.004331656,0.007116315,0,0.008060443,0.002845642,0,0.013046231,0,0.009735543,0.002110563,0.023790889,0.013952407,0.008227329,0,0.003047413,0.011558813,0.00802717,0.004215876,0.002392294,0.008563701,0.001941078,0.004870371,0.00233365,0.0091595,0.001870736,0.002125224,0.001091466,0.008189377,0.001228926,0.009476635,0.003003534,0.011886346,0.001169295,0,0.003387372,0,0.004821397,0.003423089,0,0.003476274,0.003516098,0,0.004844116,0.006070807,0.001197265,0.004086786,0.004282266,0.011560892,0.002037258,0,0.002216674,0.002580496,0,0.011173571,0.001720591,0.005708441,0.006736272,0.001073322,0.003188512,0,0.001535144,0.006343232,0,0.002053739,0,0.008887075,0.003084118,0.001262096,0.00123137,0.001872712,0,0.001100045,0.004045714,0,0.002270691,0.00713763,0,0.002515717,0.001546322,0,0,0.002815072,0.005119296,0.000653871,0.001513985,0,0.002748422,0.004054241,0.001262824,0.007272283,0.000822681,0.000996638,0.002027796,0.002210487,0.000390446,0,0.004807308,0.005315401,0.007698597,0,0.001034382,0.005622138,0.006588102,0,0.001069111,0.001331918,0.005458891,0.001233553,0.00073014,0.011884786,0.000626473,0.000183247,0,0.002151167,0.000811555,0.006882882,0,0.00063188,0.000873787,0.000517794,0.016134923,0,0.024020682,0.000125055,0,0.002907354,0.00208956,0.000523274,0.000458427,0.002518317,0,0.00156535,0.000199218,0,0,0,0.000675031,0.000753119,0.005322159,0,0,0,0.001706241,0,0.000971371,0,0.003346612,0.00020579,0,0.001262824,0.003194075,0.002149971,0.000192231,0.003603596,0.000186788,0.001227731,0.00079809,0.00050252,0.000890215,0,0.00030757,0,0.003635414,0.000290299,0,0.008331308,0.000224969,0.000891827,0.00050553,0.000209476,0,0.000265167,0.000550048,0.004457627,0,0.001407978,0.011155375,0.000651792,0.000827256,0.000107462,0.000202062,0,0,0.002975616,0.000347612,0.001156297,0,0,0.001032042,0.000347263,0.000172932,0.001186919,0,0.000183497,0,0,0.002635241,0,0.000344664,0.000267345,0.002064293,0.00045196,0,0.001437248,0.00083833,0.000802821,0,0.000376128,0,0,0.001655136,0,0.000410561,0.003126541,0,0,0,0,0.001293081,0,0,0
1822,1,15.81622805,23.20184819,6.755508096,7.439169259,4.018887847,6.169587085,6.213778111,1.062820163,4.003083057,2.407423102,2.015422709,0.796010347,1.219360373,1.988596157,0.105096657,0.094896329,0.647008606,0.056252576,1.06963078,1.160872251,0.202093359,0.538662609,0.574743282,0.012935493,0.023826761,0.123339752,0.178984052,0.213323079,0.290345437,0.039132973,0.055228384,0.177887075,0.407113724,0.151055324,0.061929823,0.088553617,0.10262196,0.042089093,0.235782517,0.110020057,0.055420745,0.023260596,0.12428596,0.002453434,0,0.061633484,0.075452277,0.10552297,0.169334812,0.104509176,0.005791624,0.033898676,0.050417281,0.021135788,0.042539841,0.004650248,0.013461106,0.057656291,0.039273344,0.003411131,0.061394332,0.022694431,0.031741114,0.028776156,0.020607575,0.008080719,0.084358069,0.035376736,0,0.039159488,0.007985578,0,0.046317914,0.22971535,0,0.023805966,0,0.117683301,0.031707321,0.021177379,0.073471479,0.025493543,0.10798727,0.03904979,0.018692804,0,0.019329155,0.015374838,0.001769929,0.099533787,0.038564208,0.010000169,0.008342746,0.00203024,0.034580777,0.038731095,0.020254047,0.02309371,0.005981905,0.006447731,0.02260397,0.012280946,0.048237884,0.007546268,0.011564531,0.002628534,0.003889174,0.009228646,0.018788464,0.011871789,0.040564242,0.001455548,0.015701331,0.001670213,0,0.016492611,0.014957362,0,0.011104945,0.024705383,0.008137387,0.033082962,0.028228707,0.009509389,0.005278488,0.018622098,0,0.005872207,0.052457347,0.00460798,0.056273372,0,0.005033514,0.012425997,0.008818969,0.010626642,0.041752721,0.002615485,0.008743584,0.008241366,0,0.009136625,0.003474142,0.005782786,0,0.009497951,0.006332834,0.002422916,0.020100678,0.001746117,0.016091252,0.002436953,0.014988036,0.02698408,0.005079109,0.000864428,0.003764348,0.023283472,0.019965505,0.003264053,0.000952707,0.007559265,0.005872727,0.003729931,0.004719654,0.022686113,0.004763949,0.001989584,0.006754468,0,0.001251438,0.021474759,0.003959516,0.018639775,0.000623093,0.004311484,0.00125856,0.003355139,0,0.013501658,0.007799976,0,0.0033306,0,0.002551746,0.020044529,0.005362711,0.00151726,0.010200848,0.005276408,0.003010501,0,0.002615693,0.003570375,0,0.019437813,0,0.01610009,0.009267638,0.002491282,0.002088364,0,0.000691824,0.005931475,0.001034746,0.001954075,0.01811988,0.015593193,0.011066473,0.002773273,0.003557741,0.004012909,0.000973762,0.000784937,0.002154338,0,0.007413175,0.014341288,0,0.003126125,0.003491559,0,0,0.002919103,0.002097618,0.000911895,0.002151271,0.005235857,0.008774258,0.005383507,0.000149756,0.007466204,0.001313565,0,0.005571709,0.000833495,0.000426501,0,0.016046021,0.010555936,0.003208788,0,0.001244471,0.008783616,0.002633057,0.000927648,0.002006948,0.001686745,0.010483671,0,0.000410961,0.019183584,0.001110442,0.00063999,0,0.001404443,0,0.005854531,0.000456998,0.001768889,0.001474785,0.000813739,0.019559988,0,0.019535033,0,0,0.003962843,0.000749012,0.001039529,0,0.003693642,0,0.002277449,0,0,0,0,0.001716068,0.00010779,0.008161823,0.00368392,0.002069752,0,0.002246256,0,0.00184287,0.000407337,0.001716171,0.000248489,0.001632105,0.006004261,0.000687508,0.002976811,0,0.008538226,0,0.002186832,0.002333858,0.004142155,0.000184573,0,0,0,0.007794777,0,0.004753915,0.010524223,0.000184854,0.000664893,0.001798471,0.0002054,0.001182344,0,0.000144962,0.011690866,0.000679034,0.00469891,0.023710305,0.000130483,0.001320948,0.000183845,0,0,0,0.002603475,0.002078798,0,0,0,0.000565957,0.000395572,0.000407873,0.001441563,0,0,0.000901861,0,0.003958528,0.000104109,0.002614497,0,0.000627928,0.000593044,0,0.003844203,0.004238699,0.001118241,0,0.00011419,0.000795906,0.000649712,0.003653818,0,0.006123316,0.009004051,0.000190583,0,0,0,0.000991023,0,0,0.000718182
1826,1,17.70396469,34.8381251,15.97479585,12.2435136,5.674647597,8.027169848,15.299453,1.130770364,4.936813436,2.571345813,3.8024558,1.423210975,2.133542722,1.356560511,0.10434281,0.160345837,1.621914623,0.068558477,1.543358576,0.306191819,0.117750887,0.881065074,0.594863196,0.017275052,0.054770877,0.681789543,0.241386979,0.57578307,0.436919271,0.056486529,0.33838888,0.362246835,0.592679639,0.683089279,0.209049546,0.229445004,0.604585221,0.19282884,0.929467244,0.497518164,0.343135516,0.16471295,0.098426412,0.005653852,0.002691961,0.364887899,0.13773043,0.447306761,0.389177366,0.229434607,0.009581134,0.117516935,0.26235952,0.027718171,0.061633484,0.021844924,0.73887395,0.086146505,0.086427248,0,0.093986513,0.253292562,0.091199879,0.077952969,0.184926445,0.087482634,0.129006601,0.066905213,0.000810619,0.031126599,0.014446826,0.003553166,0.165872315,0.108034061,0,0.065199959,0,0.245010643,0.094932721,0.015442944,0.111028652,0.13906136,0.188321356,0.08843924,0.054126208,0,0.042603268,0.043301486,0,0.09922185,0.158973316,0.021041167,0.050055955,0.006383784,0.065901817,0.462648846,0.02905326,0.024512502,0.027698415,0.024673669,0.037333618,0.011248436,0.014534688,0.022665837,0.105309814,0.041712169,0,0.001081328,0.050283668,0.0521974,0.087217488,0.037947614,0,0.002922067,0,0.057573108,0.09828604,0.00659746,0.086292076,0.007349747,0.005251973,0.055795069,0.049626002,0.065678262,0.040832508,0.075764214,0,0.018025259,0.043533879,0.069889407,0.159747959,0.018840974,0.022143343,0.025103622,0.041747002,0.057536715,0.050789006,0.046857044,0.024844195,0.017781949,0,0.03658601,0.018806661,0.030309325,0.008889675,0.018881006,0.050116262,0,0.027826309,0.161603982,0.022926304,0.039453748,0.039438671,0.045958147,0.031081888,0.002372902,0.043507365,0.029942799,0.008579818,0.043547396,0,0.001395189,0.027057905,0.025021999,0.011292107,0.053653104,0.025395283,0.019518916,0.023101509,0.026922733,0.006558988,0.015632185,0.028051943,0.020838408,0.014253425,0.016485852,0.006949949,0.015711209,0,0.015076418,0,0.002848865,0.062730461,0,0.019940031,0.014923569,0.027074022,0.007713154,0.013750688,0.01216241,0.021660361,0.003563668,0.017758034,0.012237275,0.003542821,0.021329188,0,0.025967167,0.025859029,0.026079984,0.003242166,0,0.00410493,0.02398013,0.000723121,0.007467244,0.037125661,0.004461526,0.008432687,0.010804966,0.011912861,0.021452403,0.00103537,0.008533027,0.015365999,0.005553512,0.002607894,0.011997084,7.86652e-05,0.004881601,0.016016907,0.010919862,0,0.007467244,0.023753456,0.010257517,0.004484713,0.0091569,0.002844966,0.006940071,0.002312594,0.010561135,0.005498923,0,0.006460208,0.004201059,0.003991645,0,0.002619644,0.008621929,0.004828935,0,0.005026703,0.021393135,0.008280358,0.004899017,0.101207847,0.002675221,0.019492921,0,0,0.016896049,0.011305624,0.008022491,0.003284225,0.00822317,0.010665634,0.00778126,0.006873004,0.004136852,0.013311897,0.003364029,0.003063062,0.000476977,0.107820904,0,0.007106437,0.016356398,0.010452997,0.002005077,0.008902152,0.024456353,0,0.023674432,0.000608276,0,0.002274746,0.001863614,0,0.004136228,0.015189755,0.0121151,0.011982007,0.001231058,0.007303997,0,0.0026015,0.001769565,0.00610772,0.000949587,0.007620612,0.021790855,0.007439169,0.000516396,0.009482354,0.004238387,0,0.002014643,0.004705512,0.001246447,0.003127737,0,0.00369099,0,0.00571156,0.009387214,0.013847388,0.014964121,0.029285653,0,0.004321154,0.000750572,0.002105001,0.010078153,0.001622227,0.002369159,0,0,0.027785237,0,0.003999808,0.001494437,0,0.001992911,0.004967123,0.001804086,0.000787744,0,0.002359177,0,0.044751992,0.001939934,0,0.003857461,0,0,0.003415602,0,0.000523534,0.000760917,0.001533377,0.00145612,0.004129885,0.002841951,0.00201142,0.001329786,0.007402777,0.003913713,0.003498578,0,0,0.001691269,0.006557948,0.000505727,0.003924787,0.014063664,0.004141011,0,0.001266255,0.000447941,0.001266723,0.000349889,0,0.000607393
1830,2,22.77813423,28.90820934,9.500030741,8.773738236,3.170004238,5.782265742,8.706671856,0.986655631,3.970277719,2.435081485,2.129695503,0.732583228,1.266774744,1.37714833,0.199249537,0.295112869,0.640042021,0.091215476,0.974854027,1.168306741,0.170504574,0.669260087,0.734142911,0.014818551,0.015593193,0.29579393,0.107659737,0.365215432,0.273017356,0.093357441,0.218854755,0.265426897,0.257399727,0.343946552,0.075259916,0.091569004,0.350133295,0.087586613,0.11527619,0.263061378,0.062772052,0.060016612,0.0566269,0.003631618,0,0.150452246,0.056065414,0.160938517,0.01846457,0.144421471,0.000492714,0.045047812,0.095489008,0,0.100360419,0.008351064,0.017164314,0.074298112,0.061051202,0.003709291,0.051644752,0.070554872,0.09286874,0.061524306,0.058945629,0.045824014,0.068204949,0.017008866,0.001503015,0.030589548,0.004358223,0,0.046369903,0.127540499,0,0.056652895,0,0.067690254,0.048956898,0.009319107,0.065537891,0.037665311,0.069504685,0.06416017,0.00595903,0,0.051192964,0.024333658,0,0.071807817,0.087191493,0.044853891,0.015998191,0.010788329,0.04328173,0.022914347,0.026876982,0.034340586,0.002980919,0.028801111,0.022971535,0.013817754,0.014784238,0.026254148,0.017423742,0.013953446,0,0.000295695,0.044343875,0.032813136,0.045802698,0,0.002337497,0.007358586,0,0.021375459,0.055649499,0,0.020184901,0.024927898,0.008405133,0.010107267,0.008820529,0.027192558,0.022385094,0.038208601,0.000933418,0.004181719,0.027941206,0.021305273,0.051148773,0.004053149,0.006271486,0.01319908,0.016552918,0.01940298,0.024290507,0.007936708,0.005533756,0.008008974,0,0.016828462,0.010959894,0.015269819,0.007538989,0,0.001910872,0,0.025264789,0.00085923,0.013725733,0.009463638,0.009385134,0.01536444,0.018520199,0.001365659,0.003842956,0.015721087,0.016782712,0.009612328,0,0.003220642,0.011685147,0.006242372,0.002006377,0.015229787,0.003037847,0.004884408,0.001615572,0,0.002166244,0.011756892,0.008750343,0.012926655,0.007476082,0.007904995,0.002190471,0,0.013270825,0.022845201,0.012644352,0.001678583,0.009191213,0,0.006765906,0.016292451,0.000848624,0.002808626,0.00891203,0.016919444,0.005306042,0.001164771,0.000556599,0.005241056,0,0.007697037,0,0.010312626,0.004769147,0.000846024,0.002242253,0,0.001239896,0.008575139,0.000684493,0.002860407,0.001125311,0.003339646,0.002032735,0.004522406,0.005113474,0.009925304,0,0.002941563,0.00321274,0.012620437,0.004097964,0.018835255,0.000116945,0.002548782,0.005491125,0,0,0.00113363,0.003455634,0.002137494,0.001787501,0,0.001951112,0.006783063,0.000495485,0.008093716,0.001188531,0.001098797,0.00288531,0.000566737,0.000957126,0,0.005099488,0.004773671,0.00064992,0,0.002525647,0.012747811,0.001831588,0,0.001205947,0.001719915,0.007268644,0.000639522,0.000704145,0.013880141,0.001333633,0.000276875,0.000901653,0.001309666,0,0.009017049,0.002005129,0.001824829,0.000668532,0.001559527,0.010359936,0.001451701,0,0,0,0.005232737,0.003617945,0.00097371,0.001454821,0.008735786,0,0.011154335,0.000355982,0,0,0.00041944,0,0.000120865,0.004249201,0,0,0.001339924,0.003491611,0.000445435,0.001271194,0,0.003554622,0.0003034,0.000979429,0.001274885,0.001482219,0.001874843,3.33559e-05,0.004460642,0,0,0.000392146,0,0.00117153,0,0.00045444,0,0.00092744,0.00103355,0,0.015879135,0.003094983,0.000497461,0.002120649,0.001669485,0.000252913,0.003137251,0.00112396,0.004869747,0.000771211,0.000334859,0.013764205,0,0.000639418,0,0,0,0.00033333,0.002686918,0.00111273,0,0,0,0.003737469,0.000492382,0.000254811,0.001265579,0,0,0.000506881,0,0.001589837,0.000253443,0.000861309,0,0.001728285,0.001638603,0.000520986,0.000550412,0.000703313,0.003050221,0,0.000205519,0,0,0.001974975,0,0.000399393,0.002440644,0.000327497,0,0.000148144,0.000106105,0.003412847,0,0,0.000158095
1832,1,26.78548042,38.59384239,12.50865975,8.346904917,4.149797262,8.301674102,7.237450224,1.392901131,3.865155067,3.117858828,2.805298302,1.236568879,1.553496517,2.469446507,0.017575031,0.024390847,0.807603992,0.00841969,1.062716184,2.676156528,0.186059815,0.836146196,0.828191811,0.020000858,0.045656608,0.386723464,0.2555645,0.503704908,0.249871656,0.010458716,0.368303605,0.374984248,0.393133763,0.342251696,0.11542176,0.29707807,0.247318975,0.076627239,0.104810715,0.346098914,0.120818264,0.072312115,0.212714802,0.004332644,0,0.105663342,0.095852934,0.146807786,0.033675641,0.273714014,0.001353909,0.093279457,0.16604388,0,0.076601244,0.001778975,0.046866922,0.057297564,0.065803037,0.003520621,0.069858213,0.090747571,0.101914903,0.067565479,0.113981653,0.066135769,0.040935447,0.064940012,0,0.080172919,0.017378511,0,0.030705484,0.189912233,0,0.012873106,0,0.175188823,0.078519654,0.002375606,0.147494047,0.064830834,0.114231202,0.069723041,0.056320163,0,0.025631315,0.030917601,0,0.152271877,0.063364732,0.038526776,0.023010527,0.000413264,0.010788329,0.050747934,0.029721844,0.032544351,0,0.044630856,0.02363804,0.025563729,0.034751823,0.063661072,0.049027084,0.016862256,0,0.007958544,0.03466864,0.031495204,0.066463303,0.019916115,0.010059957,0.000167973,0,0.020334111,0.044582506,0.008460762,0.023382252,0.032621295,0.007034172,0.047129989,0.034496554,0.030070693,0.025403081,0.04815938,0,0.008330788,0.041172519,0.020653846,0.10232562,0.010349018,0.030583829,0.007881599,0.034094676,0.026662785,0.037114743,0.008554863,0.007300357,0.017200187,0,0.021185178,0.014102656,0.010756096,0,0,0.007857164,0.003456414,0.039130893,0.007953345,0.027205555,0.016205629,0.027659943,0.032298961,0.01767953,0,0.014765521,0.024213563,0.033863323,0.032410738,0,0.00689224,0.009725145,0.011794845,0.00385195,0.035654359,0.001965045,0.002241889,0.003335851,0,0.004314552,0.020115755,0.011800044,0.026675783,0.002851569,0.009461039,0.006656728,0.003785091,0,0.026437671,0.001166071,0.00871395,0.015678976,0.001867929,0.015247983,0.022786453,0.001663766,0.004384426,0.002627962,0.007469843,0.006482044,0.0015353,0.00257223,0.007834809,0,0.013463706,0.014897575,0.021103554,0.013709096,0.003231196,0.005543114,0,0.006367147,0.003739653,0.000253012,0.005035125,0,0.006787222,0.006831413,0.004426069,0.005787465,0.021129029,0.001072334,0.002993604,0.00339933,0.004424925,0.009201091,0.017295328,0,0.002692637,0.007742268,0,0,0.000678462,0.004443278,0.006119157,0.00170333,0.003975945,0.00822473,0.012535694,0.001235061,0.010942218,0.002994696,0,0.005398584,0.000760398,0.001103008,0,0.005040376,0.004484713,0.002374722,0,0.004012337,0.023872512,0.004214628,0,0.000751039,0.002191979,0.006860527,0,0,0.018686565,0.005391305,0.001718095,0,0.003244609,0.001697403,0.001520951,0.001709725,0.003523948,0.004176104,0.002398377,0.01782614,0,0.044625138,0,0,0.003832818,0.005394425,0.00026473,0.001230642,0.013594199,0,0.003609471,0.000695463,0,0,0.000740486,0.002713173,0.003395067,0.011944574,0,0,0,0.002527883,0,0.003003482,0.001450557,0.002652293,0.000335259,0,0.0018332,0.000562942,0.003685324,0.001428462,0.011009804,0,0.003488024,0.005057377,0.000610148,0.0022474,0,0.002211943,0,0.003240242,0.001279564,0,0.022297752,0.003818417,0,0.003921096,0,0.001523759,0.00431242,0.001057049,0.008980136,0.003558261,0.000692291,0.022196372,0,0.001931044,0.000465404,0,0,0.00088616,0.009301431,0.000555715,0,0.00079705,0,0.005288366,0.001610165,8.01209e-05,0.003236915,0,0,0.002084101,0,0.001263707,0.000863909,0.00226362,0.001034798,0.000997677,0.001391133,0.000897026,0.001827689,0.002570774,0.004167058,0,0,0,0,0.006408219,0,0.0045118,0.013025955,0.00215491,0,0,0.000199572,0.001502183,0,0,0
1843,1,18.61845898,33.77286143,12.59912138,12.2242775,6.358308759,10.26947448,8.540305641,3.386644243,4.347357142,2.886817747,3.475546189,1.570237117,2.352002357,1.438287914,0.03259894,0.05254053,2.092055147,0.017699806,1.559007398,1.24291159,0.083573028,0.426921701,0.617114677,0.005339316,0.021655162,0.283108507,0.38428516,0.412099511,0.623717336,0.02112279,0.28195954,0.339303894,0.685584772,0.23129063,0.092166883,0.291083687,0.440865269,0.132599072,1.385830567,0.34843324,0.195813034,0.105959682,0.242821888,0.004476343,0,0.113191413,0.12384405,0.287460023,0.466355693,0.039463106,0.001787137,0.145248103,0.210203712,0.01566026,0.077635834,0.015190795,0.076070952,0.05845173,0.119123409,0.001687421,0.163953904,0.045115918,0.095790547,0.068646859,0.227427814,0.111891677,0.133274935,0.120953437,0,0.028319169,0.018996942,0.001475772,0.22966336,0.291691963,0.002277242,0.015301013,0,0.19957707,0.135406502,0.01492097,0.096554792,0.078623633,0.193270751,0.062127383,0.058987221,0.002241577,0.047588016,0.040268942,0.00846804,0.130732651,0.137699236,0.027250266,0.055212787,0.000924996,0.133800028,0.274831787,0.06371826,0.087836162,0.094875533,0.025321458,0.046939708,0.051431595,0.023184692,0.048703189,0.047947783,0.049870872,0,0.018430257,0.026718414,0.030384709,0.057479527,0.029507128,0.016500409,0.001311486,0.000528577,0.114407966,0.035827484,0.032288043,0.089790965,0.05953311,0,0.029190512,0.028920687,0.021184138,0.085247088,0.107404988,0,0.029140602,0.055706687,0.055472735,0.198490491,0.005685565,0.018256093,0.021907831,0.030255256,0.015687814,0.052701697,0.019909877,0.054172999,0.011045677,0,0.039349769,0.016099051,0.01413021,0,0.019041653,0.019026056,0,0.024498985,0.004367477,0.013912895,0.012848151,0.094074895,0.043396627,0.023411366,0,0.025994721,0.082538438,0.013624353,0.020806175,0.008291796,0.001946069,0.019971224,0.011738176,0.012305381,0.054141805,0.014028311,0.004102019,0.034893234,0,0.004054501,0.020390779,0.016979232,0.018279488,0,0,0.005997502,0.009520827,0,0.014840386,0.019262608,0.013306178,0.032576584,0,0.01112626,0.025774806,0.03747399,0.003639625,0.016877333,0.012707259,0.019583903,0.002280829,0.016067857,0.025295463,0,0.026972642,0.011181369,0.028126808,0.020596137,0.00718858,0.010493549,0,0.006484123,0.017715922,0.001435844,0.004843544,0.227355029,0.01221336,0.009954938,0.001942378,0.004262406,0.011835916,0,0.004276392,0.005154337,0,0.011360213,0.004867252,0,0.006553269,0.002230035,0.034132628,0,0.003283081,0.009076837,0.007362225,0.003433643,0.009448041,0.01319648,0.010708785,0.000651324,0.011306664,0.00472558,0,0.008453483,0.004217591,0.002574101,0,0.002753361,0.01093286,0.001688877,0,0,0.008933866,0.013415876,0.024539017,0.095920521,0.001854463,0.026207878,0.000526601,0.004138256,0.02309579,0.007244729,0.002153715,0,0.004326041,0.000874982,0.019977983,0.004318607,0.004155724,0.006310478,0.005669969,0.013777722,0,0.054542124,0,0,0.020282641,0.007094479,0.001822386,0.006819455,0.005961629,0,0.01255597,0.000430421,0,0.001278628,0,0.002550706,0.003882416,0.012886623,0,0.009726705,0,0.00586181,0,0.002638048,0.003479445,0.006765386,0.000522598,0.062428922,0.021483597,0.002364584,0.005390265,0.001448686,0.010023564,0,0.001180264,0.003819352,0.000239853,0.00167484,0,0.003332627,0,0.007596177,0,0,0.002527103,0.008253844,0.000330824,0.000547813,0,0.00039762,0.000838226,0.004441406,0.00316257,0.002731109,0,0.034719589,0,0,0.000356616,0,0.001179069,0,0.007451127,0.003239826,0,0.004068746,0,0,0.000234332,0,0.00467042,0,0,0.009876434,0,0.003065194,0,0.005236377,0,0.002785906,0.000434429,0.002165984,0.001363215,0.006132675,0.005246255,0,0,0,0.001589213,0.005018749,0,0.007010776,0.011057634,0.001578192,0.001881758,0,0,0.001523811,0.000976622,0,0.000535907
1863,1,24.25515428,35.19997162,10.58297082,7.984018611,3.364756688,7.325312381,7.296718188,0.908775447,3.36917579,3.073147907,2.227071728,0.986551652,1.419571714,1.138256844,0.221599798,0.23823122,0.505779287,0.161042496,1.140076474,0.714802838,0.176982459,0.43180351,1.527969701,0.016283093,0.011183969,0.14801914,0.088314465,0.344128515,0.238782308,0.103958088,0.255782856,0.298970485,0.122143995,0.21922388,0.071287923,0.210718407,0.311250392,0.032382144,0.037231719,0.345298277,0.023974931,0.077755409,0.058524515,0.003225009,0,0.068553278,0.101415805,0.083656211,0.032771545,0.195740249,0.014587198,0.072462884,0.077193924,0.018518119,0.090420038,0.005342435,0.06125916,0.063837836,0.035801489,0.00254899,0.037806722,0.037009204,0.089068312,0.061134385,0.068631262,0.029310608,0.024679388,0.044733276,0.000673055,0.013647229,0.01600547,0,0.029304889,0.027443147,0,0.087383854,0,0.041058142,0.035806169,0,0.049009407,0.044127599,0.018476008,0.007933069,0.031665209,0,0.023964013,0.026130933,0.005025611,0.020394418,0.038238235,0.065636671,0.023138941,0.009392413,0.007499997,0.037726658,0.026812515,0.022192733,0.004367061,0.02619904,0.006751349,0.013169965,0.004484505,0.017253216,0.019318757,0.015277098,0,0.002548314,0.019045812,0.013065987,0.032935831,0.01241092,0.004734834,0.007473482,0,0.040558523,0.022656479,0.005542594,0.013312936,0.040168603,0,0.008053165,0.018468209,0.014403675,0.019389982,0.004871775,0,0.00195132,0.010052679,0.012783684,0.012396363,0.004637822,0.007480761,0.015355082,0.01053878,0.006331794,0.004567117,0.006020897,0.000374839,0.012395843,0,0.0131944,0.010516424,0.01108051,0,0,0.002488891,0.002061537,0.006393662,0.000428606,0.007665843,0.005044432,0.007901355,0.00571,0.018139636,0,0.003871186,0.002220885,0.020059606,0.006541831,0.003735961,0.002820167,0.00474882,0.009215648,0.000463429,0,0.005688685,0.001426018,0.004462618,0.005462531,0.051888063,0.002403784,0.00851899,0.002412466,0.001982097,0,0.002490762,0.002213606,0.027395317,0.006606298,0.004007502,0.003091864,0.004103995,0,0.004759218,0.004370752,0.004149433,0.001666366,0.004555731,0.004953762,0.009987172,0.000976466,0.001795715,0.004935358,0,0.00116971,0.004842817,0.000532684,0.000599438,0.00178459,0.004164354,0,0.001587602,0.004598726,0.000489756,0.002455201,0,0.000280857,0,0.000508909,0.004516635,0,0,0.000546045,0.000903888,0,0.001671928,0.003192984,0.000102586,0.00140725,0.002159174,0,0,0.001451181,0.001293341,0.001591917,0.00328802,0,0,0.007054447,0.002177786,0.00117335,0.002005337,0,0,0,0.001197993,0,0.000440579,0,0.002862799,0,0.001206831,0.007060166,0.001742478,0,0.001060013,0.000932587,8.84704e-05,0.000815454,0.000548437,0.001782614,0.001023464,0.00036756,0,0.002054363,0,0.00267023,0.000433228,0.000442903,0.00092432,0.001753136,0.031202503,0,0.046070444,0,0,0.005111966,0.002371394,0.000378712,0.000513666,0.00329036,0,0.006708718,0,0,0,0,0,0.001209898,0.003472063,0,0,0,0.002760171,0,0.001964941,0,0.003074552,0.000343094,0,0.000801781,0.000491326,0.000931391,0.001192222,0.000842021,0,0,0,0,0.000456602,0,0.001331658,0,0,0,0,0.003552854,0.002790429,0.000529045,0.000736742,0.00127265,0,0.000799026,0.001175013,0.000471789,0,0.000247069,0.002788142,0.000870563,0,0.000157533,0.000148789,0.00029936,0,0.000363401,0,0.001474473,0,0,0.002876888,0.000861621,0,0.000623769,0.000119446,0.000517071,0.000685637,0,0,0,0,0,0.000496265,0.000196499,0.001066511,0,0,0.002646523,0,0.000253719,0,0,0.000117579,0,0,0.000319174,0.000283992,0,0,0,0,0,0,0
1866,2,19.16694759,28.26665963,9.465197815,8.925027512,4.453675551,6.671805095,8.633886637,1.002616389,4.287049389,4.151564903,4.656434375,1.664389997,1.928496362,2.249947082,0.14388598,0.140418284,1.945912825,0.073242726,1.610476946,0.943660362,0.17682649,0.408304282,0.61311149,0.046910074,0.015318689,0.148637815,0.125143786,0.353876535,0.234560766,0.052452148,0.272715817,0.35705309,0.178932063,0.237669734,0.130269945,0.133186553,0.328765635,0.078062147,0.643941229,0.275299692,0.107758516,0.069707444,0.099299834,0.008873038,0,0.085231491,0.104374004,0.106344404,0.240981462,0.096107683,0.018056973,0.152053521,0.129614878,0.021023491,0.088064916,0.004774866,0.05086491,0.074828404,0.053855863,0.003490103,0.057001224,0.029515446,0.064019799,0.057791464,0.069426701,0.040507054,0.109780906,0.064830834,0.000467026,0.01733432,0.009319107,0.007882119,0.100006891,0.069884208,0,0.038294903,0,0.060890034,0.065808236,0.003598449,0.032576584,0.064804839,0.039399159,0.03530603,0.112988654,0,0.044225859,0.023006888,0,0.044474368,0.100334424,0.065075185,0.031312201,0.003502737,0.027288738,0.042335523,0.03328884,0.016031464,0.002809821,0.013060788,0.010925061,0.00551504,0.005684526,0.028933684,0.03249756,0.018479127,0,0.004153541,0.019780943,0.027999954,0.087311069,0.043317603,0.00777918,0.004691319,0,0.022051842,0.0243243,0.008393176,0.016138043,0.017710203,0,0.014292937,0.030278131,0.01305039,0.086214092,0.036403527,0,0.004417231,0.016859656,0.011679948,0.030370152,0.008696794,0.023526262,0.023296469,0.016804027,0.005952271,0.0103407,0.01029339,0.002536305,0.030637378,0,0.016029385,0.008648964,0.018835255,0,0.015343124,0.021608372,0.002035231,0.007151668,0.039533292,0.007319594,0.00252154,0.057505522,0.009988731,0.022905508,0.000518506,0.00975062,0.003127373,0.014472301,0.008827287,0,0.004835278,0.010663035,0.005162032,0.000538091,0.006727954,0.01693816,0.004397683,0.014956843,0,0.003765023,0.00488472,0.013211557,0.006740431,0.001467818,0,0.002252443,0.006244972,0.000481869,0.013546889,0.002997035,0.013730412,0.010056838,0,0.009781814,0.010710865,0.019976943,0.004519234,0.014784758,0.018437016,0.008770099,0.001205739,0.009182375,0.008535107,0,0.003523844,0.007027933,0.002986637,0.004792855,0.002060965,0.005819178,0,0.004399711,0.010546058,0.000214311,0.004275404,0.002567707,0.001137113,0.001812248,0.000893958,0.001481231,0.009263999,0,0.002318365,0.002514729,0,0.003192464,0.005991783,0.000148191,0.002330115,0.002574049,0.00156353,0,0.001041556,0.002147528,0.004215668,0.002217038,0,0.00051036,0.012822676,0.000692655,0.004542318,0.002778524,0,0.001044364,0.002531418,0.001699379,0,0.000582646,0.001956831,0.000133395,0.001073946,0.002431962,0.00763361,0.00361389,0,0.012053232,0.001017433,0.002918063,0.001914771,0.00285786,0.005281607,0.002017762,0.000679086,0,0.003114532,0,0.009656519,0.004319439,0.000828504,0.005186467,0.003280118,0.022282675,0,0.056210985,0.000124894,0,0.008857961,0.005376748,0.001527658,0.003022874,0.007798416,0,0.006347391,0.000472969,0,0,0,0,0.001768941,0.003058435,0,0.002514001,0,0.00501069,0.000564761,0.001175377,0,0.003519113,0.000311542,0.004038436,0.013065467,0.000330809,0.001267451,0.006435773,0.001163576,0,0,0,0,0.002521956,0,0.00036952,0,0,0,0,0.006222096,0.003638429,0,0.001052422,0.000892451,0,0.002147268,0.000698842,0.002879643,0,0,0.003493223,0.000394194,0,0.000111039,0,0,0,0.000696347,0,0.00225369,0,0,0.001349958,0.001441719,0.000176941,0.00089505,0,0,0.002079994,0,0,6.68584e-05,0,0,0.003020483,0.000255169,0.000499681,0,0,0.00289472,0,0.000162711,0,0,0.001186243,0,0.00044516,0.001678531,0.001677387,0,0,0,0,0,0,0.000116981
1869,3,25.1665292,43.38674905,19.56882598,12.1962032,5.856090749,9.261919096,9.907108072,1.676399558,4.710451405,2.381220424,1.87557111,1.435428494,2.943330271,1.620718866,0.282827764,0.124150788,1.357392342,0.175994659,0.72488879,0.796322283,0.094553198,0.591795819,1.179224524,0.036530901,0.031878366,0.359720148,0.380333962,0.605521031,0.867911745,0.140075154,0.917145747,0.406697808,0.805420436,0.501412174,0.178479754,0.965391949,0.934822157,0.22360659,0.197793832,0.359735745,0.098675961,0,0.380079214,0.006848569,0,0.18401663,0.109380587,0.448798858,0.126979013,0.294499393,0.009092953,0.07415774,0.161577987,0.019429494,0.064872426,0.029438502,0.086827567,0.088823962,0.105668541,0.000826476,0.108985467,0.099346625,0.279536832,0.116825475,0.06298001,0.083671808,0.08760221,0.081852178,0.004669432,0,0.096081688,0,0.11320701,0.330990783,0,0.127228563,0.005397024,0.188108199,0.153665194,0.064342133,0.185435942,0.062127383,0.162711357,0.102122861,0.018479647,0,0.059210776,0.058961226,0,0.091158288,0.118775079,0.04289025,0.052852467,0.007219254,0.024432958,0.343587824,0.043401826,0.077880184,0.002929085,0,0.044609541,0.023433721,0.025219558,0.018820698,0.091485821,0.119071419,0,0.001695116,0.027827869,0.034098835,0.052051829,0.007956464,0.026619114,0.002079006,0,0.063151575,0.09656519,0,0.062756455,0.052358567,0,0.087966136,0.010066196,0.029717685,0.033579461,0.094314047,0,0.020192699,0.056996025,0.020005017,0.216187697,0.002869661,0.015661819,0.047235527,0.031939194,0.028505811,0.069437099,0.004930419,0.001353077,0.041654981,0,0.058368547,0.021046366,0.04032665,0.012267949,0.001700835,0.0164453,0.017126362,0.064862028,0.004545957,0.039782841,0.014862742,0.019940031,0.025960408,0.044360511,0,0.015063421,0.055477934,0.008212252,0.011530218,0,0.008265801,0.005873767,0.031634016,0.015088896,0.092042108,0.017892686,0.012428596,0.040306375,0.007933589,0.003158982,0.021705072,0.034643165,0.028949801,0.007253567,0.010613125,0.011070632,0.004551,0.006530914,0.023187291,0.011298346,0,0.071527074,0,0.017151837,0.008921908,0.045897839,0.002409763,0.011051396,0.00733727,0.014956843,0.001410058,0.011365412,0.019131595,0.002707142,0.027558044,0.009253081,0.016780112,0.015171039,0.010027204,0.00244366,0,0.005838934,0.017954034,0.003646176,0.009637283,0.013201679,0.018462491,0.008875638,0.005704801,0.008438926,0.010754536,0,0.004615415,0.006556908,0,0.00241517,0.00851847,0,0,0.013864544,0.001925429,0,0.000671496,0.015230827,0.012784724,0.003520985,0.005207782,0.010034482,0.000898741,0.004165602,0.021153984,0.003796945,0,0.019278725,0.005294085,0.004962132,0,0.006357269,0.012220638,0,0.001117409,0.005244175,0.021938505,0.015961279,0,0.009079956,0.000289259,0.013743929,0.003717713,0.000887512,0.027453025,0.01088347,0.000942517,0.002103025,0.011272351,0.004658046,0.019446651,0.008940104,0.001532701,0.014117733,0.010188891,0.023939058,0,0.044197784,0,0,0.01418324,0.011399205,0.000589092,0,0.00851951,0,0.015886414,0.000752703,0.000314583,0,0.001151462,0.000390685,0.010644838,0.017401386,0.002129799,0.000973294,0,0.010970292,0,0.007932029,0.00183949,0.008583977,0.001291886,0,0.003098051,0.002737868,0.010086472,0.000268042,0.010608966,0.000436997,0.006231974,0.0063999,0.000612228,0.006149311,0,0.006998299,0,0.007147508,0.000302022,0,0.005707401,0.010500308,0.000551868,0.004094792,0.00072806,0,0.004169709,0.002989913,0.003275855,0.000489387,0.002102401,0.041105452,0.000954682,0.000162207,0.000973138,0,0.002134167,0.00030589,0.007347668,0.001195185,0,0.004339403,0.00131866,0.005145499,0.000481313,0.000257509,0.00337921,0,0.000287434,0.007987138,0,0.005804101,0.000240472,0.004142467,0.002641272,0.003854029,0.00383994,0.002907042,0.003834325,0.003389608,0.000415978,0,0,0.001360564,0,0.013938369,0.001147043,0.006434213,0.014665702,0.001709101,0,0,0,0.002519876,0.000415354,0,0.00273033
1907,1,19.81161667,28.39195418,6.579263888,6.566786422,2.504175454,6.057809785,6.973863753,0.894946255,2.732253136,2.098813774,1.720382626,0.696554544,1.28398325,1.180628239,0.197242744,0.175084844,0.288037106,0.114085632,0.853094754,1.859662341,0.275861178,0.415738772,0.977505489,0.016096971,0.02772077,0.159784351,0.128663471,0.273246109,0.172012268,0.083489845,0.208618034,0.114090831,0.130087982,0.144343487,0.079315093,0.109708121,0.193067992,0.040814831,0.111740908,0.139659238,0.056377351,0.039942968,0.055233583,0.006118637,0,0.054926845,0.074126546,0.173104046,0.017014065,0.132645862,0.002243812,0.041517729,0.052057028,0.030846896,0.079938966,0.005393905,0.042815905,0.067513489,0.043213104,0.008446205,0.08144666,0.035794731,0.034706072,0.04200123,0.029860656,0.070638055,0.031821178,0.057770668,0.001279044,0.016270096,0,0.001057361,0.031998462,0.041993432,0,0.011926378,0,0.033883079,0.048530065,0.019678004,0.071085164,0.036576652,0.027747805,0.009965856,0.013063907,0,0.026069586,0.022329985,0,0.021451884,0.048281035,0.075473073,0.011599364,0.007062766,0.071755828,0.003558365,0.022347662,0.03555454,0.003616386,0.027358924,0.007362745,0.009235924,0.006658808,0.008626088,0.011397125,0.014958402,0,0.000920473,0.015478297,0.021264722,0.054765678,0.002532302,0.009618567,0.006020377,0,0.023130623,0.020278482,0.007793737,0.026597279,0.04195288,0.00630372,0.009968456,0.032707078,0.011437677,0.020819692,0.031607501,0,0.002593077,0.017473651,0.005574308,0.018830056,0.005425098,0.005228578,0.015787114,0.011298865,0.005334117,0.005355432,0.003018403,0.017898925,0.009506789,0,0.01166799,0.008080199,0.008014172,0,0,0.00175168,0.004130405,0.013978921,0,0.009089314,0.006775784,0.015743963,0.007217174,0.005892483,0.000588313,0.003148481,0.001865745,0.044941753,0.008065122,0.013165806,0.007410575,0.007903435,0.002971405,0,0.004049458,0.001796859,0.0020096,0.001805593,0,0.003448044,0.005159952,0.007061726,0.00437226,0,0,0.004121047,0,0.000672847,0.0109339,0.00945428,0.004211821,0.004976117,0,0.004350892,0.005576388,0.000822369,0.002250675,0.005598223,0.007232771,0.004134824,0.000718078,0.003641444,0.006455009,0,0.002999791,0.001050187,0.000934666,0,0.002898567,0.001825349,0,0.001218061,0.004969099,0.000584985,0.00217503,0.001373613,0.000884236,0.001502599,0.001901306,0.008653123,0.003378066,0,0.001027311,0.001010259,0,0.000835886,0.012819037,0,0.002957107,0.00179452,0,0,0.000210344,0.000976414,0.001878483,0.002111499,0,0.000367669,0.004649676,0.001564414,0.002233882,0.002216414,0.000978857,0,0,0.000707524,0,0.001893144,0.000409937,0.004547257,0,0.00227303,0.005932515,0.003403593,0,0.000281549,0.000625537,0.001444995,0.000746984,0.00048031,0.002506099,0.00164557,0.00027819,0,0.001839075,0.00059138,0.004340391,0.003692862,0.000547865,0.001681858,0.001179017,0.018472889,0,0.032905158,0.000176593,0,0.003823719,0.003245857,0.001035266,0.00036626,0.001853788,0,0.00339543,0.000702689,0,0,0,0,0.001321624,0.00620494,0,0.00045771,0,0.003293947,0.000614151,0.001930004,0.000432214,0.002439761,0.000355192,0.003217939,0.000906748,0,0,0.000863961,0.000489221,0,0,0.00036324,0,0.00297442,0,0.001249878,0,0,0.000329743,0,0.003663384,0.000363162,0,0.00138791,0.000154627,0,0,0.000929623,0.000856526,0,0,0.002058314,0.000210828,0,0.00012425,0.00014936,0,0,0.000421915,0,0.002301677,0,0,0.000553948,0.000430935,0.000117657,0.000684597,0,0,0,0,0,0.00022788,0,0,0.001738891,0.000683141,0.00010988,0,0,0.002492686,0,0.000194493,0.000793671,0,0.001180992,0,0,0.00074636,0,0.000172704,0,0,0,0,0,0
1927,1,17.96079254,25.69318225,8.24500561,6.715476226,2.787309955,6.365067387,5.097928716,0.602141718,2.291278689,2.45047036,1.115121542,0.872590795,1.122867969,0.641913641,0.182690899,0.145778395,0.747400219,0.104545569,0.938669376,0.840045404,0.169573963,0.259546891,0.325297939,0.015938923,0.019179945,0.1634808,0.127836839,0.22705349,0.358633569,0.061352741,0.068256938,0.147228901,0.291832335,0.156223074,0.084072127,0.064669667,0.1590513,0.040424911,0.322469713,0.102809122,0.069613863,0.022285274,0.067882614,0.001908428,0,0.046861723,0.080443264,0.169043671,0.067841023,0.052332572,0.00639938,0.036505427,0.089042317,0.015959719,0.048527465,0.006192982,0.014333489,0.042724404,0.031429177,0.001975079,0.042772234,0.048396972,0.032655088,0.023664034,0.090700781,0.015063941,0.04717366,0.022299311,0.000513884,0,0.004663609,0.00254847,0.055186793,0.140777011,0,0.032847969,0,0.098795537,0.033221773,0.002825262,0.030899925,0.031059013,0.047287517,0.021820489,0.0105367,0,0.01688877,0.017131041,0,0.054484935,0.046663644,0.07465164,0.006479444,0.005460451,0.032817815,0.052337771,0.012795122,0.030513643,0.007644008,0.003902587,0.017645217,0.012199323,0.014221712,0.004597322,0.013234952,0.00940645,0,0.004525265,0.011168372,0.013076384,0.043990346,0.007368984,0.002155794,0.005402223,0,0.03038107,0.01880874,0,0.012280426,0.017723721,0.005875847,0.025599081,0.028647742,0.010862674,0.013748608,0.025873066,0,0.00347877,0.024239038,0.006169067,0.04515699,0.005254573,0.005823857,0.011440797,0.005934075,0.004957193,0.024680948,0.004434283,0.001593528,0.012913658,0,0.008552263,0.006145672,0.006622935,0,0.007907074,0.003156279,0.001342315,0.010385931,0.000751143,0.010317825,0.004512528,0.018303923,0.020248848,0.005372589,0.000847272,0.004455859,0.018159392,0.009194853,0.002033411,0.000787952,0.005490605,0.004803772,0.00301492,0.002201701,0.00177466,0.007125673,0.003055004,0.002664927,0,0.001117773,0.009739182,0.004291572,0.010922982,0.003680904,0,0.000880805,0,0.239614139,0.004527605,0.005057845,0,0.007501557,0,0.002407423,0.006857407,0.00069853,0.002578988,0.008691075,0.00763205,0.001787241,0,0.002554293,0.005125223,0,0.01240832,0,0.00768196,0.005939274,0.002017086,0.001334569,0,0.001398776,0.006743551,0.001293705,0.001273481,0.018683966,0.006715996,0.004020967,0.002598588,0.001404183,0.001837411,0,0.002723519,0.003137823,0,0.003921824,0.010806006,0,0.002415949,0.002493362,0.002179709,0,0.003052352,0.004388221,0.001632468,0.002541244,0,0.002503656,0.004271713,0.000251057,0.007229132,0.000953122,0,0.001797639,0.000451845,0.000411288,0,0.006039613,0.004550792,0.002418913,0,0.002317793,0.003852262,0.002839091,0.001106699,0.005743274,0.001175429,0.003666659,0,0.000559926,0.010357337,0.000727696,0.000284393,0,0.001847497,0,0.00477653,0.000851483,0.001129679,0.000608692,0.000500341,0.015838584,0,0.018582586,0.000134611,0,0.004575799,0.001455392,0.000613111,0.000577551,0.002626039,0,0.002114567,0.000309374,0,0,0,0,0.000713607,0.006242372,0,0,0,0.00216822,0,0.001585262,0.0001807,0.002859107,0.000298908,0.002310983,0.002779668,0.0008663,0.001071242,0,0.004360926,0,0.003750726,0.00262032,0.00096508,8.92711e-05,0,0.000565437,0.00018253,0.002908861,0.001405067,0,0.002354186,0.000611656,0.000401728,0.00093373,0.00016373,0.000443927,0.000436197,0.000539546,0.004869695,0,0.000302443,0.013290061,0,0,0,0.000103027,0.000200804,0,0.002025041,0.000954942,0,0,0,0.003519529,0,0,0.001425654,0,0,0,0,0.001982253,0.00021493,0.000260415,0,0.002462636,0.000396627,0,0.001599559,0.000725045,0.000501142,0,0.000179587,0,0,0.001224195,0,0.000995858,0.002222341,0,0,0.000112869,0,0.001464803,0,0,0
1928,2,17.47313157,19.05361061,8.032888687,5.596143539,1.355156796,5.382986827,4.668131999,0.574535324,2.071363349,1.836163113,1.570341096,0.569544337,0.8637006,1.081900288,0.15742403,0.112432367,0.32997179,0.091693779,0.826008255,1.233917417,0.158926525,0.320972417,0.595591048,0.0135916,0.011416362,0.156462226,0.063853433,0.306321792,0.122887444,0.054427747,0.075150738,0.164427008,0.14767601,0.103734534,0.050924698,0.081576633,0.119492534,0.049324983,0.069140759,0.089406243,0.071984581,0.020743267,0.046832089,0.003038627,0,0.045573425,0.041230747,0.123630893,0.026892579,0.044819578,0.003649399,0.043280691,0.045321796,0.017632219,0.040160804,0.026604037,0.010663035,0.044195185,0.035802529,0.00514238,0.040817951,0.039928931,0.030002587,0.016750478,0.030834418,0.009249962,0.025861628,0.025379686,0,0.019564667,0.008748783,0.001038957,0.024356014,0.091168686,0,0.003953277,0,0.063863831,0.026769364,0.232169251,0.062049399,0.020706355,0.042500849,0.006973864,0.011476669,0,0.018036177,0.016434383,0.002702983,0.044080288,0.035752099,0.065756246,0.007759424,0.003900664,0.00787744,0.024249955,0.012403121,0.023849117,0.003877425,0.007241609,0.006327115,0.012087545,0.015396673,0.014708333,0.006336993,0.004985008,0,0.001091518,0.013488661,0.007202617,0.038398362,0.002428791,0.007921111,0.00410597,0,0.018773907,0.021304753,0,0.01359108,0.030278131,0.001882746,0.013797998,0.028332686,0.006675444,0.00566113,0.019112359,0,0,0.011206844,0.006087444,0.02900491,0.001952723,0.011478749,0.008476879,0.008108273,0.007757345,0.009270757,0.002030916,0.003072992,0.007053927,0,0.008581377,0.003019235,0.001361915,0,0,0.00219697,0,0.012943811,0,0.007364824,0.004929431,0.002067204,0.012612119,0.003355243,0,0.006207539,0.007677801,0.017681609,0.00124208,0.002700332,0.007853525,0,0.003663436,0.000837758,0.001355365,0.002705323,0.002188028,0.001085644,0.003576198,0.001124012,0.004588744,0.00378348,0.011689826,0.001709361,0.00171222,0.000989619,0.001039737,0.001476136,0.002698044,0.00576147,0.003148845,0.001875311,0,0.002322888,0.003464784,0.000322964,0.001536912,0.004667352,0.012038675,0.000919589,0,0.000812751,0.001513049,0,0.008531467,0,0.001739099,0.001989844,0.002055507,0.000732427,0,0.000509512,0.004602157,0.001358848,0.001668705,0.002004505,0.003556026,0.002442568,0.00066744,0.008837165,0.004017952,0,0.000230142,0.002195254,0,0.000916002,0.004202203,0,0,0.001623578,0,0,0.0010636,0.001787709,0.001030171,0.002358553,0,0.001352245,0.002985494,0,0.003142658,0.000213879,0,0.002121637,0.001580323,0,0,0.003391011,0.002368795,0.001951112,0,0,0.006272006,0.001927769,0.000773967,0.00033058,0.000564033,0.001265475,0,0,0.004514451,0.000713711,0.000566165,0,0.001603926,0,0.002862279,0,0.00084774,0.000268645,0.000392536,0.020231171,0,0.014755643,0,0,0.000871187,0.001451753,0.000456831,0,0.00244314,1.30078e-05,0.001586978,0.000300093,0,0,0,0,0.000594447,0.004416243,0,0,0,0.00145924,0,0.000743033,0,0.002131879,0.000297718,0.001277433,0.0012034,0.000148243,0.000615763,0,0.002130319,0,0,0.000521922,0.001016342,0.000109053,0,0.000282074,0,0.001889088,0.000258767,0,0.002555333,0,0.000791123,0.001846613,0,0,0.000583114,0.000586441,0.002793601,0,0.002129228,0.005675167,0,0.000558367,0,0,0,0,0.00108346,0.000319704,0,0,0,0.000913091,0,0,0.00103459,0,0,0.001050759,0.00025427,0.000946624,0.000219785,0,0.000407504,6.15867e-05,0.000242832,0,0.00085741,0,0.000142862,0,8.53407e-05,0.000395484,0,0.000384504,0,0,0.001818383,0,0,9.15794e-05,0,0.000334199,0,0,0
1969,2,23.86367378,32.56618648,12.83671313,8.509111976,3.26015393,8.839764827,8.302713891,1.895067151,7.293598821,3.282925306,2.489930347,0.868743576,1.564570268,1.985788728,0.190525708,0.183933447,1.056009546,0.110586742,1.251697806,2.063512943,0.174143835,0.525093364,1.235321132,0.023719663,0.023748777,0.233780924,0.177975457,0.3107149,0.318580903,0.077739813,0.244490749,0.226741553,0.210094534,0.228457205,0.065610676,0.148580626,0.397412494,0.099720949,0.605469042,0.24173011,0.156561006,0.066073382,0.076907982,0.00397059,0,0.102330819,0.088475632,0.092639987,0.248389957,0.066213753,0.003576718,0.073081559,0.110170827,0.018617939,0.13940449,0.011141857,0.087337064,0.071423095,0.068875613,0.004271557,0.081197111,0.059273163,0.03644096,0.095473411,0.072405696,0.034194496,0.231722142,0.07652326,0.000683245,0,0.020302397,0,0.080287295,0.073050365,0,0.018900242,0,0.05155741,0.075020765,0.024706423,0.062761654,0.029877293,0.044348034,0.038966087,0.035189574,0,0.056314964,0.022691832,0,0.036837119,0.073653443,0.031187946,0.041900371,0.006417577,0.046844567,0.050086628,0.03412327,0.040568921,0.007472443,0.031996902,0.016262817,0.03067533,0.006197661,0.021782017,0.017982108,0.019026056,0,0.001862938,0.01886073,0.026388281,0.087425446,0.018842014,0.007858204,0.005017553,0,0.020250927,0.046453086,0.011058154,0.036862594,0.023480512,0,0.009477675,0.034152904,0.025138975,0.071386703,0.047971178,0,0.004250137,0.019247011,0.011418441,0.033980819,0.004028038,0.010591809,0.021120711,0.016288812,0.009373177,0.015136726,0.00772927,0.0041747,0.011262473,0,0.022712628,0.013076904,0.011234399,0,0,0.002871325,0.004918253,0.029770714,0.0036455,0.007966342,0.012355811,0.001741906,0.012552331,0.014252906,0.001285907,0.004223622,0.012215959,0.057703082,0.008698354,0.011599884,0.020391299,0.011443916,0.012076108,0.001066095,0.01344239,0.013958125,0.005535316,0.010612605,0.008136348,0.003634218,0.00841917,0.009693951,0.003709967,0.002009964,0.005794223,0.005032162,0.004708112,0,0.002690818,0.010459756,0.002643455,0.012183726,0,0.0094548,0.003612902,0.008786216,0.003083234,0.017918681,0.036626042,0.005193173,0.001818643,0.003059839,0.00753171,0,0.00447182,0.017159115,0.00615607,0.002200973,0.001134358,0.004053825,0,0.003312871,0.008109833,0.000669468,0.004830547,0.010805486,0.001806789,0.003884391,0.00379996,0.003993257,0.010456117,0,0.003139486,0.002613405,0,0.002429207,0.014273701,0.000337505,0.001826077,0.005473448,0.001925585,0,0,0.003416018,0.002793341,0.003020587,0,0.001380112,0.005395984,0.000440153,0.004703693,0.002743587,0,0.000514035,0.002183609,0.000662294,0,0.001216813,0.003009357,0.004014469,0,0.006801259,0.013231833,0.005991263,0.001011403,0.003858812,0.001253465,0.001786201,0.000858242,0.002525179,0.004945808,0.002084361,0.000546513,0.000438552,0.004604913,0.000579578,0.011674229,0.001168827,0.000712203,0.00349759,0.003164545,0.014364163,0,0.029277854,0.000185046,0,0.009697591,0.007772941,0.004420662,0.0009434,0.00410545,0,0.006497121,0.000962169,0.000297754,0,0,0,0.001326303,0.003031452,0,0.002467991,0,0,0.001590097,0.002592973,0,0.004013741,0.000355493,0.004543825,0.009626885,0.000243638,0.001562699,0.000183471,0.002036011,0.000183975,0,0,0,0.003113596,0,0.000656575,0,0.001676504,0.001613856,0,0.008348465,0.00096326,0.000428663,0.003126229,0.000430457,0,0.001648169,0.000676851,0.002191615,0.000211836,0,0.006123836,0.000374963,0,0,0,0,0,0.000962325,0,0,0,0,0,0.000280665,0.000773291,0.00072047,0.000146101,0,0.001477436,0,0.000289196,0.000102554,0.000235372,0,0.003942827,0.000715323,0.001437976,0.000294972,0,0.002905482,0,0.000126371,0.000847896,0,0.000793151,0,0.000493437,0.001165603,0,0,0,0,8.46752e-05,0,0,0
1985,1,17.53187964,23.4519174,7.162585428,9.269197618,5.523358321,6.843890148,7.589938641,1.205583171,2.924614072,3.93107768,3.007225295,1.457056102,1.76472962,1.504002568,0.087399451,0.122819858,1.256220888,0.052290981,1.363475106,4.568312271,0.155573206,0.452417323,0.623093463,0.014112014,0.017337959,0.203694634,0.200445294,0.178744901,0.288021509,0.043809943,0.093482216,0.223793752,0.20130312,0.219691785,0.100916706,0.060146585,0.278408661,0.019791341,1.89054407,0.110456769,0.096825137,0.028028028,0.088849956,0.001900318,0,0.080453662,0.14531049,0.200284126,0.27092738,0.224547599,0,0.135598863,0.085954144,0.017290649,0.048803009,0.001386454,0.068969194,0.050263393,0.048598171,0.002055767,0.07558745,0.053060425,0.034836046,0.030337399,0.042684892,0.027908452,0.05987624,0.055587111,0,0,0.006662967,0,0.121197787,0.049829281,0,0.024459993,0,0.045749149,0.045521955,0,0.073435087,0.070398903,0.039535891,0.021722229,0.068184153,0,0.016272175,0.021082239,0,0.02161669,0.064206961,0.010314185,0.048282595,0.001890492,0.099211452,0.104992678,0.024249955,0.020708435,0.002335366,0.007625291,0.009635203,0.011481868,0.00787796,0.009979893,0.022762537,0.012374007,0,0.001560099,0.014315293,0.036643199,0.082538438,0.021844404,0.009826005,0.003039511,0,0.031304403,0.050740656,0.00326005,0.072457685,0.020673082,0,0.009371617,0.054479736,0.010331342,0.030512084,0.053788277,0,0.003854601,0.022295672,0.028036346,0.025438954,0.018225939,0.013938889,0.015112291,0.017176272,0.006014659,0.006003741,0.011366972,0.00743709,0.028342044,0,0.011492266,0.007168824,0.010801326,0,0.015527687,0.01019305,0.001984437,0.00591068,0.000641134,0.006413937,0.00556599,0.064378526,0.012100543,0.008529388,0.000590912,0.003897233,0.007152707,0.013027514,0.016235263,0.003374167,0.008246565,0.00403828,0.006411858,0.000180341,0.008265801,0.016134403,0.00440049,0.012991642,0.019703479,0.105023872,0.001613336,0.006532993,0.005999062,0.002863371,0,0.003062282,0.004094169,0.002056442,0.013465265,0.006233014,0.00423506,0.006636452,0,0.005975147,0.01098069,0.010771173,0,0.006578224,0.00861777,0.004615831,0.000669156,0.007848326,0.008376019,0,0.006652049,0.003194179,0.002359177,0.002495389,0.002108432,0.002947853,0,0.001667093,0.0091595,0.000207147,0.002009964,0.009828084,0.001448426,0.001057569,0.002931789,0.003603284,0.003167977,0,0.001565194,0.002438929,0,0.001928496,0.010724382,0,0.002408203,0.001522615,0,0,0.00245021,0.004549752,0.001995719,0.002916712,0.001948408,0.001116109,0.013032193,0.000649036,0.003469203,0.002488371,0.000402112,0.001167631,0.002480104,0.00123974,0,0.000699466,0.001284971,0.007587339,0,0.001266203,0.004828623,0.000769496,0,0.023803886,0.000954994,0.001641879,0.000360999,0.012012161,0.003809162,0.001601795,0,0,0.002116802,0,0.007296198,0.000338545,0.000708616,0.001429138,0.001921634,0.034441446,0,0.043768871,0,0,0.009806249,0.002498197,0.000327092,0.000920213,0.004758906,0,0.004048938,0,0,0,0.000753951,0.000219692,0.001547882,0.006578224,0,0.001119021,0,0.00733935,0,0.004250709,0,0.002480416,0.000466517,0.011254155,0.007873801,0.000798194,0.001593216,0.00304523,0.001497296,0,0.000850183,0.000265697,0.00015078,0.000891307,0,0.000853563,0,0.000925256,0,0,0,0.000410899,0.000609576,0.000325204,0.000205727,0,0.00181963,0.0010244,0.000802821,0,0.000422045,0.004618846,0.000375047,0,0,0,0.000311422,3.73513e-05,0.000368829,0,0.000788524,0,0,0.000772771,0,0,0.001167007,0,0,0.000762373,0,0,0,0,0,0.003692342,0.000609056,0.001341328,0,0,0.001107271,0,0.000124499,0.000660162,0,0,0,0.000536375,0,0.000652467,0,0.000100132,0,0,3.67773e-05,0,0
1988,2,16.09853072,20.03725085,6.740431158,6.692080977,4.443693578,7.018054779,5.014121736,0.714594881,2.425619407,3.017623183,2.763082875,0.984732021,1.176001179,1.118396877,0.196702054,0.169121655,0.870563207,0.131216153,1.313877179,0.647944416,0.12635514,0.361201847,0.318705677,0.068844419,0.037725619,0.118151206,0.166132262,0.236640343,0.221922132,0.083188306,0.145793992,0.182534931,0.515849642,0.101317025,0.08873558,0.037982966,0.125268561,0.018047615,0.410451446,0.119087016,0.061831043,0.026867624,0.085720192,0.008261642,0,0.074854399,0.1393525,0.116544732,0.210744402,0.191274356,0.019527234,0.077193924,0.065439111,0.016832102,0.069665852,0.0039408,0.033529551,0.05455772,0.023051079,0.002264868,0.036663474,0.036893788,0.015181957,0.037509863,0.149240892,0.024259313,0.064243354,0.023745658,0.000163372,0.047232408,0.007099678,0.016294011,0.078311697,0.157039309,0,0.092416432,0,0.154070711,0.048673036,0.009547861,0.085028732,0.037800484,0.130831431,0.045466327,0.044834655,0,0.018230618,0.01639799,0,0.074968775,0.048465598,0.009771416,0.020761464,0.007818172,0.01915343,0.052036233,0.020414174,0.025454551,0.071511478,0.007451127,0.026869183,0.007529111,0.030304646,0.018508761,0.027296537,0.010121305,0,0.001573097,0.014373521,0.00753379,0.039409037,0.011041518,0.010364095,0.004662673,0,0.05032526,0.022728224,0.012339174,0.005183763,0.022519747,0,0.029848698,0.016811826,0.00866768,0.01073582,0.051848031,0,0.009476635,0.05933555,0.009732943,0.057131198,0.014003876,0.00812439,0.012268988,0.004873074,0.006580824,0.028702331,0.005570669,0.014394837,0.025461309,0,0.008377059,0.0077823,0.008275159,0,0.008874078,0.005266011,0.003501749,0.015513649,0.00018488,0.012503981,0.005408462,0.048050722,0.034456523,0.003669467,0,0.006554829,0.050764051,0.016897089,0.001470885,0.001599455,0.003745423,0.004863872,0.003488855,0.001891376,0.017799625,0.008401494,0.003860216,0.003563616,0,0.005543114,0.010865793,0.006536113,0.011118982,0.000525197,0.00576199,0.00156665,0,0.001701718,0.010153538,0.0010257,0.005011834,0.00669832,0,0.003479497,0.013012437,0.00142841,0.00217815,0.011632118,0.008843404,0.005246774,0,0.002813825,0.002110251,0,0.015341564,0,0.008390576,0.008133228,0.002995632,0.002074223,0,0.000451731,0.008833006,0.001086579,0.001167527,0.22597211,0.006296961,0.007574862,0.002681407,0.001129575,0.005781226,0.00145534,0.002155014,0.002957211,0,0.007903955,0.013814635,0,0.001048367,0.003339074,0.039075265,0,0.001330046,0.003194595,0.001652952,0.003196363,0.002785334,0.007864963,0.005873247,0.000191373,0.013778762,0.001133474,0,0.005126783,0.001324119,0.000590444,0,0.002327879,0.007860804,0.00439238,0,0,0.006031295,0.004447177,0.010494069,0.009653919,0.001748145,0.002367079,0,0.004307741,0.011779768,0.001090271,0.000692811,0,0.00152511,0.000566477,0.008944264,0.000438578,0.001462515,0.000756342,0.000597567,0.03146557,0,0.055779472,0,0,0.001805177,0.004412032,0.001091778,0.001774192,0.003211076,1.90775e-05,0.00232658,0.000218246,0.000144052,0.000375629,0,0.001635588,0.00022631,0.007412135,0,0,0,0.002635553,0,0.001413385,0.000262126,0.003860216,0.000378722,0.00541782,0.007175063,0.001114082,0.002338017,0.001310342,0.007261885,0,0.007587859,0.003608379,0.003184197,0.000510796,0,0.000518678,0,0.003401305,0,0,0.000548281,0.001269842,0,0.001186191,0,0.000195699,0.000573288,0.000542562,0.006003741,0.000152579,0.002292214,0.016267496,0.000375359,0.001363891,0,0,0.000549424,0,0.002085349,0.004675774,0,0,0,0.002071467,0.000341363,0,0.001680975,0.000388538,0,0.000723017,0,0.002834412,0,0.000958737,0,0.000735079,0.000715375,0.000739758,0.001226483,0.002664667,0.001295317,0,0.000299241,0.000567413,0,0.005607581,0,0.004997069,0.00615503,0.000490957,0.00055951,0,0,0.00132152,0,0,0.000296491
2002,3,14.03299019,19.01981747,6.836611626,7.778140421,4.336491349,4.893610209,6.695200344,0.66338528,2.036946338,2.892224649,2.45140617,1.136125277,1.878222572,1.432361117,0.043004107,0.023848597,1.086683317,0.029981791,1.327030508,4.215303959,0.153815963,0.360396011,0.281491635,0.006530394,0.015258901,0.190629687,0.085356266,0.107410187,0.278590624,0.009334704,0.088901946,0.104353208,0.314837663,0.271317301,0.067097574,0.041884254,0.086245285,0.038691583,0.906955816,0.045716916,0.118457944,0.011651354,0.036774212,0.002299857,0,0.04938841,0.092910332,0.119809669,0.16205629,0.097750549,0.001615468,0.054911249,0.095515003,0.015668058,0.040681738,0,0.038686384,0.030956073,0.057209182,0.000412396,0.047851082,0.055951038,0.017647816,0.029023106,0.026872303,0.005147423,0.046751506,0.008698354,0,0.025018879,0.005254573,0,0.117771683,0.189423532,0,0.006625534,0,0.119320968,0.04042907,0.001710973,0.047065002,0.053502335,0.12738973,0.059429131,0.037553534,0,0.011028,0.014284099,0,0.056990826,0.03495926,0.007320113,0.018882045,0.001224247,0.150738188,0.0305282,0.014039749,0.016240462,0.003876645,0.003735493,0.0217633,0.009326906,0.027446266,0.002582524,0.014145287,0.004793479,0,0.001007763,0.020230132,0.024051356,0.041079458,0.020003458,0.006152431,0.000683245,0,0.017932198,0.044449933,0,0.05460971,0.012084426,0.016186393,0.020134991,0.048022128,0.010183692,0.00812439,0.020172943,0,0.005514,0.042805507,0.031057453,0.097022697,0.006423296,0.003028125,0.00989931,0.00645293,0.016461937,0.035125627,0.006489842,0.011557253,0.009034725,0,0.00581242,0.005379348,0.005460971,0,0,0.003290152,0.001447178,0.01634704,0,0.015062901,0.007102798,0.015950881,0.038097343,0.00499447,0.000726812,0.00312363,0.020562864,0.004313096,0.0033293,0.002424736,0.005625258,0.003566684,0.004585885,0.006703519,0.017855774,0.011174611,0.003298366,0.000251005,0.002753569,0.005427698,0.013686741,0.004576631,0.020767703,0.003544068,0.002333754,0.000124338,0.001400388,0,0.012399482,0.024954412,0.002160629,0.004821761,0,0.004469428,0.018487446,0,0.003192308,0.004139659,0.002672413,0.001080289,0,0.000221527,0.003397978,0,0.026362286,0,0.010828881,0.009276996,0.00058145,0.001524122,0,0.001658255,0.002419537,0.00022552,0.0022056,0.010004328,0.006431094,0.006129555,0.004909467,0.001804761,0.002764643,0,0,0.004140491,0,0.008817409,0.011062833,0,0.002089976,0.001410318,0,0,0.003270968,0.002506567,0.00213479,0.002110511,0.002585851,0.010310546,0.006604219,0.000242146,0.013806316,0.003632814,0,0.001758543,0,0.000590496,0,0.012575726,0.016783752,0.005174249,0,0.001088347,0.006605259,0.000704093,0.001008283,0.014363643,0.001729689,0.032411258,0.000207079,0.016329884,0.014423951,0.00059975,0,0.001371326,0.000466283,0,0.005243655,0.000259386,0.002381688,0,0.000431658,0.017651975,0,0,0,0,0.005805141,0.001769045,0,0.001038697,0.00235481,0,0.002570358,0,0,0,0,0.003010085,0.000225166,0.007728231,0,0.003089785,0,0.003387268,0,0.002065073,0.000143189,0.001620927,0.00026877,0.00479457,0.003015492,0.001886177,0.003299926,0,0.006921354,0,0.00263706,0.001818383,0.00210552,9.5723e-05,0,0.0002369,0.000210131,0.006728474,0,0,0.004680765,0,0,0.000727072,0.000221865,0.000599126,0.001258768,0.000615087,0.005239496,0.003605052,0.002701579,0.023758655,0,0,0,0,0.00043851,0.000181069,0.00359507,0.00021428,0,0,0,0.002298193,0.000311214,0,0.001968996,0.000258336,0,0,0,0.005234297,0,0.001431113,0.000254915,0.00286831,0.000782233,0,0.002576129,0.004771799,0.001119749,0,0,0.000501137,0.001213122,0.003063582,0,0.010520583,0.003717609,0.000104899,0,0,0,0.00435292,0,0.007420973,0.000648152
2584,2,22.01500632,49.67581936,2.796251588,0.871985949,8.571030201,0.906119623,0.180702213,0.244557258,0.314288633,0.247732013,0.524057044,2.889148566,0.200272456,0.267654107,2.112971471,1.720919535,0.183978075,0.556492123,0.036442954,0.095477224,0.345716687,0.022891805,0,0.402425499,0.092193273,0.015646083,0.217937845,0.115783525,0,0.678588759,0,0,0.094927203,0,0.066548531,0.011576735,0,0,0.032793806,0,0.021682567,0,0.114784589,0.11580779,0,0.099161558,0.104164325,0,0.136304172,0.0675596,0.092314602,0,0,0,0.013669647,0,0.050909323,0,0.006203512,0,0,0,0,0,0,0,0,0,0.035623584,0,0,0.209768411,0.035539059,0,0.297298637,0.030849319,0.242923371,0,0,0,0,0,0,0.008365177,0,0.339452106,0.006399659,0.01207782,0,0,0,0,0,0.041611537,0,0,0.003813225,0,0,0,0,0,0.019181183,0,0,0,0.018248169,0.038281077,0,0.02512748,0,0,0,0.022996147,0.08184802,0,0,0.056425713,0,0,0,0,0,0.002508744,0,0,0.012389229,0,0,0,0,0.042100894,0,0,0,0,0,0,0,0.059758195,0,0,0.02472831,0,0,0,0,0,0,0,0.004366603,0,0,0,0,0,0,0,0.014346254,0,0,0,0,0,0,0,0,0,0,0,0,0,0,0,0,0,0.000646841,0,0,0,0,0,0,0,0.001616173,0,0,0,0,0,0,0,0,0,0,0,0,0,0,0.000253596,0,0,0,0,0.001382535,0,0.014828331,0,0,0,0,0,0,0,0,0,0,0,0,0,0,0.009116198,0,0.005541869,0,0,0,0,0,0,0,0,0.001711415,0,0,0,0,0,0,0,0,0,0,0,0,0,0,0,0,0,0,0,0,0,0,0,0,0,0,0,0.000392274,0,0,0,0,0,0,0,0,0,0,0,0,0,0,0,0,0,0,0,0,0,0,0,0,0,0,0,0,0,0,0.002937923,0,0,0,0,0,0,0,0,0,0,0,0,0,0,0,0,0,0,0,0,0,0,0,0,0,0,0,0,0,0,0,0,0,0,0,0,0,0,0,0,0,0,0,0,0,0,0,0,0,0,0,0,0,0,0,0,0,0,0,0,0,0,0,0,0,0,0,0,0,0,0,0
2605,2,29.96331492,56.03340701,3.740280215,0.384804991,1.114784272,1.035257148,0.143053922,0.232583622,0.150213261,0.012139749,0.055820829,3.463017154,0.58531204,0.051269372,0.37115062,0.331113743,1.015593639,0.059909168,0,0,0.038480499,0.007925001,0,0,0.078035279,0.003070848,0,0.102884183,0,0.231441013,0,0.038894268,0.073259855,0.008431394,0.047628965,0.046831796,0.039604128,0,0.026445521,0,0,0,0,0,0,0.00966321,0,0,0.032604602,0.018183431,0,0,0,0,0.088679386,0,0,0,0.059305597,0,0,0.042398017,0.006668131,0,0,0.013390546,0,0.033046842,0.00413579,0,0,0,0.011036239,0,0,0,0,0,0,0,0,0,0,0,0,0,0.020031345,0.014853921,0,0,0,0,0,0,0,0,0,0,0,0,0,0,0.004499071,0,0,0,0,0,0,0,0.048596957,0,0,0.001051352,0,0,0,0,0,0,0,0,0,0,0,0,0,0,0,0,0,0,0,0,0,0,0,0,0,0,0,0,0,0,0,0,0,0,0,0,0,0,0,0,0.01270536,0,0,0,0,0,0,0,0,0,0,0,0.002185079,0,0,0,0,0,0,0,0,0,0,0.031883734,0,0,0,0,0,0,0,0,0,0,0,0.005161861,0,0,0,0.00110537,0,0.004969781,0,0,0,0,0,0,0,0,0,0,0,0,0,0,0,0,0,0,0,0,0,0,0,0,0,0,0,0,0,0,0,0,0,0,0,0,0.001817546,0,0,0,0,0,0,0,0,0,0,0,0.007515788,0,0,0,0,0,0,0,0,0,0,0,0,0,0,0,0,0,0,0,0,0,0,0,0,0,0,0,0,0,0,0,0,0,0,0,0,0,0,0,0,0,0,0,0,0,0,0,0,0,0,0,0,0,0,0,0,0,0,0,0,0,0,0,0,0,0,0,0,0,0,0,0,0,0,0,0,0,0,0,0,0,0,0,0,0,0,0,0,0,0,0,0,0,0,0,0,0,0,0,0,0,0,0,0,0,0,0,0,0,0,0,0,0,0,0,0,0,0,0
2473,2,28.32686072,17.71798964,9.525631404,5.837171663,7.526796294,4.240037932,3.314699069,2.137463996,1.23655534,2.659883552,3.959771159,1.212196776,1.109317664,1.144136082,0.760990198,0.763640983,0.813432754,0.410520612,0.236020157,0.294681311,0.168417978,0.46383721,0.406974291,0.049191404,0.331505728,0.236514493,0.114127037,0.132789996,0.09069983,0.173583426,0.173547605,0.07230195,0.12589079,0.131636546,0.114578387,0.055190058,0.067749047,0.081952239,0.085469903,0.086429917,0.093386436,0.14694662,0.032331695,0.007144438,0.021268609,0.062068487,0.011199924,0.071152082,0.039929418,0.161554594,0.020918275,0.059799558,0.056710319,0.033588311,0.051691739,0.003599193,0.038586115,0.063162473,0.013089146,0.035535563,0.034955256,0.036774984,0.138636051,0.04854232,0.038863373,0.076364098,0.038979434,0.03755804,0.022701465,0.054188491,0.075661999,0,0.010203373,0.034038228,0.01323673,0.001839215,0,0.041981985,0.05707928,0.004389771,0.021270758,0.023756764,0.020461194,0.018559077,0.040681668,0.033262336,0.019223206,0.025620194,0.073971228,0.027772345,0.011461421,0.010737112,0.030479011,0.009582946,0,0.024236771,0.012437913,0.012606273,0.02274875,0.020456179,0.029645089,0.012301075,0.012999592,0.011180581,0.013097743,0.0201431,0.019711093,0.00290569,0.008023281,0.013709573,0.011075266,0,0.009009803,0.00581181,0.012743111,0.017581152,0.00502947,0.012144893,0.015691214,0,0,0.014638064,0,0.005764669,0.01017185,0.01078153,0.003702,0.009552139,0.01846809,0.017600495,0.0030954,0.020160294,0,0.0068689,0.001605659,0.015017055,0.009608021,0.003448241,0.002347951,0,0,0.00088787,0.013793395,0.012277433,0.033384845,0.015729901,0.006401431,0,0.007491691,0.043243615,0.012245193,0.014703976,0,0.006051742,0.00870747,0.009833696,0.002335055,0.006929223,0.004499313,0.010272866,0,0,0.001956064,0.007763934,0.006492704,0,0.002189477,0.01090404,0,0.019437418,0.006579391,0.008595707,0.00857923,0,0.001090189,0.016377552,0.000495561,0,0.004723627,0,0,0,0.002962718,0.006388463,0.001796301,0.003745846,0,0.002708672,0.001886213,0.000913876,0,0.001148005,0,0.001125437,0,0.001546769,0.005416557,0.003504194,0.003157658,0.000582678,0.003506917,0,0.003706442,0,0.001385501,0.00059844,0.007834144,0.00132396,0,0.001693207,0.001219576,0.002268141,0,0.001727739,0.002578497,0,0.002487009,0.000891953,0.000214943,0,0,0.001840433,0,0,0.001774163,0,0.003278519,0,0.001985295,0,0.001314145,0.000737491,0.000381591,0.002133165,0.001551855,0.001441382,0.000410506,0,0,0,0,0,0,0,0,0,0,0.001206824,0,0.001421036,0.002171924,0,0,0.000688509,0.001494255,0.000698905,0,0,0,0.001432284,9.64599e-05,0.001153665,0.005385679,0.003981909,0,0,0,0,0,0.001892231,0.001294658,0.002077857,6.15333e-05,0,0,0,0.002536443,0.00155465,0,0,0,0,0,0.001719285,0.003542452,0.000823821,0,0.000738279,0,0.000679998,0,0,0,0,0,0.000707903,0.000702888,0,0,0,0,0,0,0,0,0.000838866,0,0,0.000601836,0.000206553,0.000573845,0,0,0,0,0,0,0.000755832,0,0,0,0,0,0,0.000304754,0,0,0,0,0,0,0,0.00022867,0,0,0,0,0,0,0,0,0,0,0,0,0,0,0,0,0.000324857,0,0,0,0,0,0.000266597,0.000404675,0,0,0,0,0,0,0
2462,2,5.995647799,54.61130318,15.63042826,3.117594717,6.206237962,0.794145601,0.382578362,0.168827477,0.454470776,0.108762525,0.59440289,2.862118552,0.629488782,0.257320231,1.127087526,1.091702394,1.267244069,0.163508486,0,0.157089788,0.871760981,0.048619022,0,0,0.091354237,0.074121752,0.150095052,0.033044701,0,0.252741859,0,0,0.181814494,0,0.057308204,0.007190738,0.038205469,0,0.012780167,0.003703133,0,0.213234696,0.146070274,0,0,0.089038867,0,0,0.050612708,0.063061093,0.0161339,0,0,0,0.030277479,0,0.01942554,0.019369806,0.027561502,0.012358239,0,0.006650609,0,0,0,0,0,0.008161771,0.03948472,0,0,0,0.018412238,0.006483409,0.25775413,0.05817974,0.132813941,0.018780678,0.005916349,0.02632003,0,0,0,0.10027533,0,0.151550107,0,0.009273074,0,0,0,0,0,0.021566602,0,0.009377434,0.019468181,0,0,0,0.004817764,0,0.038631886,0,0,0,0,0.039129373,0,0.008380965,0,0,0,0.00525241,0.069580785,0,0,0.14887939,0,0,0,0,0,0.002544026,0,0,0.013488618,0,0,0,0.047171448,0,0,0,0,0,0,0,0,0,0,0,0,0,0,0,0,0,0,0,0,0,0,0,0,0.003579509,0,0,0,0,0,0,0,0,0.001560462,0,0,0,0,0,0,0,0,0,0,0,0,0.023369523,0,0,0,0,0,0,0.001479817,0,0,0,0,0,0,0,0,0,0,0,0,0,0,0,0,0,0.007516161,0,0,0,0,0.003578574,0,0,0,0,0,0,0,0,0,0,0,0,0,0,0,0.003577751,0,0,0,0,0,0,0,0,0,0,0,0,0,0,0,0,0,0,0,0,0,0,0,0,0,0,0,0,0,0,0,0,0,0,0,0,0,0.002067711,0,0,0,0,0,0,0,0,0,0,0,0,0,0.002997824,0,0,0,0,0,0,0,0,0,0,0,0,0,0,0,0,0,0,0,0,0,0,0,0,0,0,0,0,0,0,0,0,0,0,0,0,0,0,0,0,0,0,0,0,0,0,0,0,0,0,0,0,0,0,0,0,0,0,0,0,0,0.002824564,0,0,0,0,0,0,0,0,0,0,0,0,0,0,0,0,0,0,0,0,0,0,0,0,0,0
2453,3,23.86384443,29.63405742,11.78787019,5.374302264,6.748024202,3.836314549,0.231040862,1.603508153,1.922049003,0.379437682,0.48207475,0.325778303,1.173326983,0.55903803,0.364544562,1.221305601,1.608271163,0.335362409,0,0.024104318,0.459258768,0.37103852,0.190206759,0.386884243,0.686442753,0.104894271,0.105805051,0.118703516,0.106342923,0.210153318,0.039552736,0.121863367,0.146944683,0.076503243,0.105310163,0.064205382,0.118041341,0.019995351,0.414288979,0.041897067,0.087233957,0.055418208,0.058770903,0.329565477,0.296479979,0.011618261,0,0.0671933,0.230390304,0.11924952,0.151858716,0.078672155,0.005373838,0.110174242,0.060917743,0.024265796,0.023579226,0.015453065,0.012510454,0.054911703,0,0.05363963,0.025018584,0.04395794,0.010358038,0.024882664,0.041224437,0.023186568,0.043349204,0.063493254,0.020040657,0.079061328,0.055108032,0.046657754,0.002342588,0.05484897,0,0.065518114,0.023401484,0.009096653,0.041243024,0.031829689,0.005557155,0.029230944,0.037976296,0,0.022143352,0.030717933,0,0.01555878,0.025792283,0.008162871,0.004134409,0.015324115,0.00708341,0.010779274,0.009225371,0.013727926,0.031432384,0,0.040442606,0.015965379,0.028550182,0.007336314,0.001416008,0.005471073,0.025140564,0.005529158,0.005578182,0.002499767,0,0,0,0.016205853,0,0.024406363,0.016049022,0.011341425,0.015178901,0,0.057020206,0.02259061,0,0.005355715,0.005161826,0.005976184,0.042657987,0.027281595,0.029890795,0,0.007371049,0,0,0.002043564,0.004923559,0.010444237,0.004467704,0.003608736,0,0.035814354,0,0,0.004363963,0,0,0,0.005483503,0,0.004429716,0,0.008883363,0.004921119,0,0.011863381,0.008236175,0.001456436,0.008279506,0.006089219,0.002764289,0.007239079,0.007662755,0.000512651,0,0.001632319,0.007110245,0.015835267,0.004528926,0.008904739,0.007148466,0,0,0.005743494,0,0.007872792,0,0,0.00206796,0,0.026315052,0,0,0,0.004646607,0.009675998,0,0.010444934,0,0.003203415,0.00316868,0.003725836,0.019616633,0.002893238,0.00127033,0.002754182,0.018935871,0.007126742,0,0.001044888,0.008598512,0.004055762,0.002560757,0,0.001669261,0.003601184,0.001188662,0.0052888,0,0.003567727,0.021898231,0.004966426,0,0,0.012168911,0.001319935,0.004989079,0.004119888,0.007619887,0.002001045,0,0,0.004247095,0,0.000546492,0.005952834,0.004887081,0.001467356,0,0.007573303,0.006070747,0,0.001365358,0.005583178,0.000900453,0.001845028,0.000894145,0,0,0,0,0.000883167,0.003258132,0.001820399,0,0,0.003720724,0.007542053,0.00173815,0,0.004389521,0.001840148,0.002602579,0.003506157,0.001912639,0.001009038,0,0,0.004987569,0.002041473,0,0.003737918,0,0,0,0.002034851,0,0,0,0,0,0,0.0055194,0,8.61152e-05,0,0,0.000670992,0,0,0.005043912,0,0.003807388,0.006232225,0,0,0,0,0,0,0,0,0.005355366,0,0.003098164,0,0.002533108,0,0,0,0.000753741,0.002576905,0,0,0,0,0.004207016,0,0,0.003724442,0,0,0.000496445,0.000492693,0.003353159,0,0.000837082,0.002353276,0,0,0,0,0.002816449,0,0,0,0.000721747,0,0.001551231,0,0,0,0,0,0,0,0.000386106,0.001783922,0,0.000881691,0,0.000860235,0.001671468,0,0,0.000587802,0,0.001051417,0,0,0.001324233,0.000202428,0,0,0,0,0.000856076,0,0,0.000560432,0,0.000445423,0,0.000116938,0,0
2553,3,25.87316,18.92165212,13.06720872,6.40731186,3.424152881,4.290963906,6.721688044,2.006370491,2.536365377,2.420154594,2.097756396,0.671626777,1.224928861,0.654878114,0.390086642,0.397409439,0.400276767,0.135295585,0.424678863,0.651951164,0.295020368,0.445178359,0.428418856,0.06933621,0.12975606,0.383116163,0.138293,0.195070423,0.206404226,0.086139075,0.139588446,0.148819181,0.077206455,0.18006167,0.114823191,0.139702272,0.099201947,0.09693627,0.065314362,0.105294341,0.152640478,0.054011455,0.092860221,0.013836346,0.006277767,0.093559437,0.102665505,0.096849546,0.013062872,0.063644917,0.002848411,0.083174182,0.097180183,0.042381704,0.090562022,0.012179909,0.047465926,0.037164143,0.065780506,0.090800515,0.071124902,0.058598637,0.040130662,0.097326531,0.057026756,0.032791604,0.053308444,0.058717883,0.020216015,0.022498494,0.03493424,0.012712722,0.032049026,0.014138256,0,0.012642801,0,0.017108569,0.017984486,0.003779181,0,0.028995783,0.023777138,0.008641009,0.008295737,0,0.042012041,0.02074124,0,0.004542031,0.014168609,0.012542526,0.029073835,0.009431828,0.030431615,0.026189704,0.021236111,0.025127872,0.030514003,0.01767011,0.005791568,0.016968726,0.003075466,0.018504833,0.031082048,0.008362407,0.012256877,0.009626958,0.026084009,0.020210052,0.026900303,0.041607688,0.01612533,0.002712037,0,0.006993786,0.020654515,0,0.009817751,0.031637627,0.007031186,0.003769533,0.040685157,0.013734987,0.010539733,0.005682621,0,0.003299324,0.004704206,0.005128126,0.006275057,0.010104484,0.014117659,0.01398974,0.010582553,0.014536104,0.002380695,0.013908436,0.006097814,0.005354097,0,0.009688749,0.00723011,0.009736989,0,0.009022054,0.009393886,0.011242743,0.008661606,0,0.007813332,0.008667026,0.014898721,0.006082095,0.006439292,0.014618493,0.007243661,0.002520809,0.000921122,0.012255793,0.013373997,0.010526724,0.008419319,0.007699506,0.001921435,0,0.003193791,0.005928159,0,0,0.00207033,0.002212124,0.001722781,0.00157871,0.007744495,0,0.011234612,0.004070684,0,0.007097855,0.004161148,0,0.002252668,0.002529102,0.005048068,0.001008443,0,0.003047389,0.003672185,0.003245338,0.00047461,0.008219853,0.000568533,0.001990272,0,0.001615894,0.00913046,0.00097191,0,0.001159777,0,0.004145917,0.000859548,0,0.001102431,0.001465969,0,0,0,0.002990314,0.00064962,0.004242778,0,0.001459952,0.00116368,0.005019937,0,0.002721305,0.000209049,0.002910527,0.003805957,0,0,0,0.000949687,0,0,0,0,0.002178844,0.001934389,0.000799437,0.00181162,0.001078256,0,0.001452743,0.002330015,0,0.000450257,0,0.000827731,0,0.002223344,0.003997564,0.000478844,0,0,0,0,0.000783068,0.000982046,0,0.000790222,0.001016519,0.001042753,0.001561908,0,0,0.001349162,0.000438961,0.000476773,0.00055379,0,0,0.00388802,0,0,0.001509656,0,0.000977602,0,0.001390681,0,0.00188539,0.001021452,0.000172381,0,0.001132405,0,0.000640243,0.00064832,0,0.000760411,0,0,0,0.001297235,0.000521631,0.00104026,0.000443059,0,0.000540212,0,0.001027848,0.000166484,0,0.000693633,0,0,0,0.001451822,0,0.000425947,0.001220593,0,0,0,0,0,0,0.000686099,0,0,0.001127039,0.000222307,0.000423107,0,0,0,0.000696668,0,0.000235625,0,0,0.000237397,0,0,0,0,0.001046602,0.000961829,0,0.000353473,0,0,0,0,0,0,0.000410321,0,0.000367468,0.000578181,0.000237219,0,0,0,0,0,0,0,0,0.000528781,0,0,0,0,0,0,0,0,0,0,0
2508,3,34.0624975,46.16102143,3.950561611,2.075493261,1.563135784,0.657539764,0.427821982,0.332559292,0.137386002,0.150352763,0,0.109944829,0.169006074,0.033932668,3.207123138,2.904781756,0.095780387,2.421003086,0,0,0.163894022,0,0,0,0,0,0,0,0,0.523750051,0,0,0,0,0.037710718,0,0,0,0.027335686,0,0,0,0.0393271,0,0,0,0,0,0,0,0,0,0,0,0,0,0,0,0,0,0,0,0,0,0,0,0,0,0.083513084,0,0,0,0.005578791,0,0,0,0,0,0,0,0,0,0,0,0,0.015516134,0,0,0,0,0,0,0,0.064888985,0,0,0,0,0,0,0,0,0,0,0,0,0,0,0,0,0,0,0,0,0,0,0,0,0,0,0,0,0,0,0,0,0,0,0,0,0,0,0,0,0,0,0,0,0,0,0,0,0,0,0,0,0,0,0,0,0,0,0,0,0,0,0,0,0,0,0,0,0,0,0,0,0,0,0,0,0,0,0,0,0,0,0,0,0,0,0,0,0,0,0,0,0,0,0,0,0,0,0,0,0,0,0,0,0,0,0,0,0,0,0,0,0,0,0,0,0,0,0,0,0,0,0,0,0,0,0,0,0,0,0,0,0,0,0,0,0,0,0,0,0,0,0,0,0,0,0,0,0,0,0,0,0,0,0,0,0,0,0,0,0,0,0,0,0,0,0,0,0,0,0,0,0,0,0,0,0,0,0,0,0,0,0,0,0,0,0,0,0,0,0,0,0,0,0,0,0,0,0,0,0,0,0,0,0,0,0,0,0,0,0,0,0,0,0,0,0,0,0,0,0,0,0,0,0,0,0,0,0,0,0,0,0,0,0,0,0,0,0,0,0,0,0,0,0,0,0,0,0,0,0,0,0,0,0,0,0,0,0,0,0,0,0,0,0,0,0,0,0,0
2483,3,31.90876328,15.7416779,10.37204276,5.586875851,4.453968237,6.450501066,3.960452864,2.006781039,2.588366969,2.440835443,1.528424477,0.733334168,1.036510387,0.925327981,0.33347249,0.399045023,0.715186295,0.108129293,0.664532381,0.724900745,0.607793592,0.107718297,0.223378957,0.027274651,0.169132832,0.120635312,0.470451563,0.273435059,0.217913245,0.077496752,0.125049515,0.204942854,0.105273672,0.110723371,0.090974216,0.11528169,0.144003366,0.132810399,0.091027592,0.113733783,0.070061462,0.061318458,0.109367618,0.007717116,0.017846831,0.060752671,0.11970123,0.120587274,0.081798865,0.03497949,0.001221298,0.060795372,0.079188774,0.069965385,0.066138319,0.001488873,0.078665689,0.033171108,0.057795636,0.067381982,0.103138628,0.016989077,0.031041402,0.030556213,0.065097485,0.03794987,0.018791054,0.066565328,0.006356025,0.022794261,0.047351535,0.003298643,0.054069984,0.044028339,0.003015429,0,0.084062012,0.015364843,0.043370212,0.009974925,0,0.030815621,0.040111068,0.022175632,0.014082749,0.009204174,0.017190305,0.022061408,0.056850879,0.02457809,0.025170565,0.022448384,0.023083026,0.005677081,0.025630667,0.030930379,0.030962405,0.031526057,0.004001232,0.02942464,0.00955272,0.031657896,0.012454244,0.014270099,0.024246625,0.030783595,0.017038717,0.019998955,0.007845752,0.013575142,0.007023227,0.004794614,0.013649869,0.002616283,0.002134297,0.014722728,0.010935161,0,0.017039785,0.027105982,0.009245807,0.007862299,0.012113171,0.006459575,0.019890602,0.01850229,0.005168514,0.004462669,0.010068867,0.006861497,0.009116637,0.00771765,0.008760085,0.011377648,0.020176698,0.001380413,0.014710986,0.015459318,0,0,0,0.011742741,0.010765958,0.008092884,0.012549254,0.007387252,0.00830959,0.010010687,0.005382979,0,0.003131575,0,0.004930777,0.004382658,0.0024711,0.00227569,0.007869238,0.008476658,0.014075276,0.002428933,0.003912308,0.007491869,0.004551913,0.004197923,0.005700033,0,0.006902597,0,0.014522568,0,0.003936967,0.000593862,0.004450606,0.005284874,0.003722983,0,0.003955169,0,0,0,0.006736063,0.016423291,0.006741401,0,0.003759812,0.00242194,0.013078745,0.003725171,0.001569684,0.000392816,0.003841531,0.001237578,0.010573271,0.006106225,0.004824558,0.001282307,0,0.002310491,0.001317269,0.005254023,0.003731416,0.006527896,0.000621298,0.004525439,0.002685245,0.002978706,0.002359864,0.00014766,0,0,0.003772569,0,0,0.002771767,0.002946467,0,0.001057434,0.001296932,0.000188562,0.002670459,0,0,0,0.00045936,0.000375816,0.002571981,0,0.003236353,0,0,0.00132362,0.000366235,0.001017722,0,0.00112709,0,0.001871313,0,0,0.000640673,0.002090315,0,0,0,0.00077801,0,0.001213185,0,0.000510478,0.00111871,0,0.000805018,0.001896346,0.001523941,0,0,0,0,0,0.00091177,0.002500296,0.001642382,0,0,0,0,0,0,0.002263573,0,0,0,0,0,0.000608221,0,0,0,0.000749347,0.001973154,0.000654124,0,0,0,0,0.001548441,0.000867682,0.000979558,0.001503978,0.000517903,0,0.001025835,0.000233195,0,0,0.00018482,0,0,0,0.000721271,0.000423422,0,0.001616228,0,0,0,0,0,0,0.000670724,0,0.000492026,0,0.000425664,0.00057374,0,0,0,0.000561944,0,0,0.000511978,0,0.001182708,0,0,0,0,0.001030639,0,0,0.000343224,0,0,0,0,0.000816441,0,0,0,0,0,0,0,0.000313419,0,0,0,0,0,0,0,0,0,0,0,0,0,0,0,0,0,0,0
2443,3,70.46441359,26.53986936,0.751290424,0.943743239,0,0.333014504,0.221210924,0.160747763,0,0.05198619,0,0,0.129796656,0.198113964,0.136749346,0.049409663,0,0,0,0,0,0,0,0,0,0,0,0,0,0,0,0,0.019654379,0,0,0,0,0,0,0,0,0,0,0,0,0,0,0,0,0,0,0,0,0,0,0,0,0,0,0,0,0,0,0,0,0,0,0,0,0,0,0,0,0,0,0,0,0,0,0,0,0,0,0,0,0,0,0,0,0,0,0,0,0,0,0,0,0,0,0,0,0,0,0,0,0,0,0,0,0,0,0,0,0,0,0,0,0,0,0,0,0,0,0,0,0,0,0,0,0,0,0,0,0,0,0,0,0,0,0,0,0,0,0,0,0,0,0,0,0,0,0,0,0,0,0,0,0,0,0,0,0,0,0,0,0,0,0,0,0,0,0,0,0,0,0,0,0,0,0,0,0,0,0,0,0,0,0,0,0,0,0,0,0,0,0,0,0,0,0,0,0,0,0,0,0,0,0,0,0,0,0,0,0,0,0,0,0,0,0,0,0,0,0,0,0,0,0,0,0,0,0,0,0,0,0,0,0,0,0,0,0,0,0,0,0,0,0,0,0,0,0,0,0,0,0,0,0,0,0,0,0,0,0,0,0,0,0,0,0,0,0,0,0,0,0,0,0,0,0,0,0,0,0,0,0,0,0,0,0,0,0,0,0,0,0,0,0,0,0,0,0,0,0,0,0,0,0,0,0,0,0,0,0,0,0,0,0,0,0,0,0,0,0,0,0,0,0,0,0,0,0,0,0,0,0,0,0,0,0,0,0,0,0,0,0,0,0,0,0,0,0,0,0,0,0,0,0,0,0,0,0,0,0
2433,3,2.12627659,70.38769602,2.699069256,2.263541167,4.690626091,0.112787545,0,11.18319382,0.693593802,0.042600838,0,2.467698204,0.080598145,0.019529171,0.339219564,0.379853618,0.239509288,0.455704891,0,0,0.200615061,0.107749836,0.23487148,0,0,0.027312171,0.170129133,0.021042561,0,0.005691053,0,0,0.086326591,0,0.03016341,0.031947902,0.066617205,0,0,0.081065561,0,0.125470106,0.1093806,0,0,0.131333583,0,0,0.002010721,0.017762857,0,0,0,0,0.071940557,0,0,0.046944693,0.081787459,0,0,0.003863923,0,0,0,0,0,0,0.004361773,0,0,0,0.014295667,0,0.007746126,0,0,0,0,0,0,0,0,0,0,0,0,0.014232306,0,0,0,0,0,0,0,0,0.006273246,0.011735264,0,0,0,0,0,0,0,0,0,0,0,0.002766169,0,0,0,0,0.042601876,0,0,0,0,0,0,0,0,0,0,0,0,0.012964569,0,0,0,0,0,0,0,0,0,0,0,0,0,0,0,0,0,0,0,0,0,0,0,0,0,0,0,0,0,0,0,0,0,0,0,0,0,0,0,0,0,0,0,0,0,0,0,0,0,0,0,0,0,0,0,0,0,0,0,0,0,0,0,0,0,0,0,0,0,0,0,0,0,0,0,0,0,0,0,0,0,0,0,0,0,0,0,0,0,0,0,0,0,0,0,0,0,0,0,0,0,0,0,0,0,0,0,0,0,0,0,0,0,0,0,0,0,0,0,0,0,0,0,0,0,0,0,0,0,0,0,0,0,0,0,0,0,0,0,0,0,0,0,0,0,0,0,0,0,0,0,0,0,0,0,0,0,0,0,0,0,0,0,0,0,0,0,0,0,0,0,0,0,0,0,0,0,0,0,0,0,0,0,0,0,0,0,0,0,0,0,0,0,0,0,0,0,0,0,0,0,0,0,0,0,0,0,0,0,0,0,0,0,0,0,0,0,0,0,0,0,0,0,0,0,0,0,0,0,0,0,0,0,0,0,0
2434,1,27.0959714,19.7163571,6.078180708,5.502407468,3.415668795,4.005552098,8.015859235,1.512877785,2.556247121,2.930292987,2.857261785,1.17227225,1.190258703,1.832912606,1.286806676,0.620170836,0.556081176,0.865003676,0.766439981,0.29012459,0.136169855,0.317093933,0.213552951,0.155479449,0.095348876,0.27579745,0.165702784,0.214932946,0.353790432,0.102822557,0.134407389,0.115547456,0.119671935,0.164968854,0.152946874,0.131647399,0.134774354,0.205045566,0.087585757,0.121067436,0.140935231,0.057582493,0.069723348,0.012698539,0.027657273,0.12283507,0.161252687,0.057272381,0.048000571,0.039757297,0.042261963,0.108151302,0.106719622,0.047100215,0.034578439,0.032474851,0.084143522,0.056398901,0.043693126,0.02242828,0.043933462,0.085823291,0.038948424,0.025006338,0.057747885,0.024609913,0.091989337,0.028190664,0.10759827,0.02532782,0.020016131,0.011446207,0.034317946,0.064193031,0,0.026086042,0,0.044738718,0.01620383,0.083668018,0,0.029328772,0.057200022,0.019484807,0.050285058,0,0.032830445,0.007977612,0,0.048963984,0.034746416,0.030222927,0.032726558,0.054155763,0.047832595,0.018899731,0.012947145,0.016292729,0.013516199,0.019969098,0.024749463,0.010112211,0.010443514,0.018344632,0.005846631,0.009675471,0.015853404,0.005767036,0.021995675,0.008613857,0.01121414,0.023027829,0.022230843,0.027474824,0,0.011415712,0.013335301,0.007023503,0.002820255,0,0.013793232,0.017092816,0.003695234,0.023640298,0.01160333,0.016752727,0.00752485,0.007184244,0.007918691,0.020403254,0.016443133,0,0.020660646,0.010738119,0.008021545,0.00839833,0.014486331,0.003908849,0.032655233,0.010838905,0.037142026,0.009732842,0.001428372,0.010302413,0,0.008510487,0.008001387,0.01054585,0.013534289,0,0.006372786,0.008177117,0.008704823,0.009018035,0.006916515,0.003503895,0.008716711,0.009143631,0.003093101,0,0,0.006888088,0.008990642,0.002359171,0.005001216,0.008817497,0.003886624,0.002984046,0,0.004522353,0.0079435,0.006958897,0.001791048,0.007693344,0.005044115,0.005438835,0.001149324,0,0.000760703,0.005932945,0.005827507,0,0.001833946,0.004376807,0.004387557,0.004388126,0.000361952,0.004728525,0.006021327,0.00768249,0.001205402,0.002828576,0.000136449,0.001075776,0,0.003532943,0,0.006406899,0.005098177,0.002905381,0.002218071,0,0.002416232,0.002729082,0.003820312,0.000802258,0,0.006496314,0,0.00146326,0.002059449,0.0033737,0.003572482,0.000680074,0,0,0.001191499,0.002357104,0.007113435,0.002259212,0.001901757,0,0.006819347,0.000260132,0.001735124,0.00032817,0.004188983,0,0.002360257,0.004392674,0.001317043,0.002147572,0.001833843,0.001234966,0.003347134,0.001790789,0.001616352,0.00593553,0.005410925,0.002590566,0,0.004559256,0.003224434,0.001412919,0,0.00152952,0.000947287,0.002188765,0.002167316,0.000936639,0.000936278,0.001592266,0,0.000508572,0.002296064,0.001747374,0.001338233,0.003167218,0.002773222,0,0.000215956,0.000130851,0,0,0,0.003505498,0.003500174,0.00205366,0.000585128,0.001126789,0,0,0.003158638,0.001506469,0.001136248,0.001503523,0.001284584,0.000893224,0,0.00021668,0,0,0.001953649,0.001387076,0,0,0.000460448,0.000508629,0,0.001028949,0,0.000468072,0.000420345,0.001324744,0,0.001480626,0.000998868,0,0.001747063,0,0.000231364,0.001990346,0,0.000792696,0,0.001192429,0,0,0.000176009,0.000805204,0.000232707,0.000487986,0,0,0,0,0.00139426,0.000821433,0.000407745,0.000594793,0,0,0.001149686,0,0.00026974,0.00109707,0.000346048,0.001028071,0,0,0,0.000523054,0.000311677,0.000811509,0.000496907,0,0,0,0.000781015,0,0,0.00037572,0,0.000224624,0,0.000203474,0.000644411,0.000620016,0,0.000105071,0.000563265,0.000511694,0,0.000447444,0,0.000188015,0,0,0.000203464,0,0.000194538,0,0,0
