ÉÌÆ·Êý,10±¶,16±¶
0,1,1
1,1.111111111,1.101842871
2,1.219512195,1.202312139
3,1.325301205,1.301435407
4,1.428571429,1.399239544
5,1.529411765,1.495750708
6,1.627906977,1.590994371
7,1.724137931,1.68499534
8,1.818181818,1.777777778
9,1.91011236,1.869365225
10,2,1.959780622
11,2.087912088,2.049046322
12,2.173913043,2.137184116
13,2.258064516,2.224215247
14,2.340425532,2.310160428
15,2.421052632,2.395039858
16,2.5,2.478873239
17,2.577319588,2.56167979
18,2.653061224,2.643478261
19,2.727272727,2.724286949
20,2.8,2.804123711
21,2.871287129,2.883005978
22,2.941176471,2.960950764
23,3.009708738,3.037974684
24,3.076923077,3.11409396
25,3.142857143,3.189324437
26,3.20754717,3.263681592
27,3.271028037,3.337180544
28,3.333333333,3.409836066
29,3.394495413,3.481662592
30,3.454545455,3.55267423
31,3.513513514,3.62288477
32,3.571428571,3.692307692
33,3.628318584,3.760956175
34,3.684210526,3.828843106
35,3.739130435,3.895981087
36,3.793103448,3.962382445
37,3.846153846,4.028059236
38,3.898305085,4.093023256
39,3.949579832,4.157286045
40,4,4.220858896
41,4.049586777,4.28375286
42,4.098360656,4.345978756
43,4.146341463,4.40754717
44,4.193548387,4.468468468
45,4.24,4.528752801
46,4.285714286,4.588410104
47,4.330708661,4.647450111
48,4.375,4.705882353
49,4.418604651,4.763716167
50,4.461538462,4.820960699
51,4.503816794,4.877624909
52,4.545454545,4.933717579
53,4.586466165,4.989247312
54,4.626865672,5.044222539
55,4.666666667,5.098651526
56,4.705882353,5.152542373
57,4.744525547,5.205903022
58,4.782608696,5.258741259
59,4.820143885,5.311064718
60,4.857142857,5.362880886
61,4.893617021,5.414197105
62,4.929577465,5.465020576
63,4.965034965,5.515358362
64,5,5.565217391
65,5.034482759,5.614604462
66,5.068493151,5.663526245
67,5.102040816,5.711989283
68,5.135135135,5.76
69,5.167785235,5.807564698
70,5.2,5.854689564
71,5.231788079,5.901380671
72,5.263157895,5.947643979
73,5.294117647,5.993485342
74,5.324675325,6.038910506
75,5.35483871,6.083925113
76,5.384615385,6.128534704
77,5.414012739,6.172744722
78,5.443037975,6.21656051
79,5.471698113,6.259987318
80,5.5,6.303030303
81,5.527950311,6.345694532
82,5.555555556,6.387984981
83,5.582822086,6.429906542
84,5.609756098,6.47146402
85,5.636363636,6.512662137
86,5.662650602,6.553505535
87,5.688622754,6.593998775
88,5.714285714,6.634146341
89,5.73964497,6.673952641
90,5.764705882,6.713422007
91,5.789473684,6.7525587
92,5.813953488,6.791366906
93,5.838150289,6.829850746
94,5.862068966,6.868014269
95,5.885714286,6.905861456
96,5.909090909,6.943396226
97,5.93220339,6.980622431
98,5.95505618,7.01754386
99,5.977653631,7.05416424
100,6,7.090487239
101,6.022099448,7.126516464
102,6.043956044,7.162255466
103,6.06557377,7.197707736
104,6.086956522,7.232876712
105,6.108108108,7.267765776
106,6.129032258,7.302378256
107,6.14973262,7.336717428
108,6.170212766,7.370786517
109,6.19047619,7.404588696
110,6.210526316,7.43812709
111,6.230366492,7.471404775
112,6.25,7.504424779
113,6.269430052,7.537190083
114,6.288659794,7.569703622
115,6.307692308,7.601968289
116,6.326530612,7.633986928
117,6.345177665,7.665762344
118,6.363636364,7.697297297
119,6.381909548,7.728594507
120,6.4,7.759656652
121,6.417910448,7.790486371
122,6.435643564,7.821086262
123,6.45320197,7.851458886
124,6.470588235,7.881606765
125,6.487804878,7.911532385
126,6.504854369,7.941238195
127,6.52173913,7.970726607
128,6.538461538,8
129,6.555023923,8.029060716
130,6.571428571,8.057911065
131,6.587677725,8.086553323
132,6.603773585,8.114989733
133,6.61971831,8.143222506
134,6.635514019,8.171253823
135,6.651162791,8.19908583
136,6.666666667,8.226720648
137,6.68202765,8.254160363
138,6.697247706,8.281407035
139,6.712328767,8.308462694
140,6.727272727,8.335329341
141,6.742081448,8.362008951
142,6.756756757,8.388503469
143,6.771300448,8.414814815
144,6.785714286,8.440944882
145,6.8,8.466895537
146,6.814159292,8.492668622
147,6.828193833,8.518265952
148,6.842105263,8.54368932
149,6.855895197,8.568940493
150,6.869565217,8.594021215
151,6.883116883,8.618933205
152,6.896551724,8.643678161
153,6.909871245,8.668257757
154,6.923076923,8.692673644
155,6.936170213,8.716927454
156,6.949152542,8.741020794
157,6.962025316,8.764955252
158,6.974789916,8.788732394
159,6.987447699,8.812353767
160,7,8.835820896
161,7.012448133,8.859135286
162,7.024793388,8.882298424
163,7.037037037,8.905311778
164,7.049180328,8.928176796
165,7.06122449,8.950894906
166,7.073170732,8.973467521
167,7.085020243,8.995896033
168,7.096774194,9.018181818
169,7.108433735,9.040326235
170,7.12,9.062330623
171,7.131474104,9.084196308
172,7.142857143,9.105924596
173,7.154150198,9.127516779
174,7.165354331,9.14897413
175,7.176470588,9.17029791
176,7.1875,9.191489362
177,7.19844358,9.212549713
178,7.209302326,9.233480176
179,7.22007722,9.25428195
180,7.230769231,9.274956217
181,7.24137931,9.295504147
182,7.251908397,9.315926893
183,7.262357414,9.336225597
184,7.272727273,9.356401384
185,7.283018868,9.376455369
186,7.293233083,9.39638865
187,7.303370787,9.416202315
188,7.313432836,9.435897436
189,7.323420074,9.455475075
190,7.333333333,9.474936279
191,7.343173432,9.494282084
192,7.352941176,9.513513514
193,7.362637363,9.532631579
194,7.372262774,9.55163728
195,7.381818182,9.570531603
196,7.391304348,9.589315526
197,7.400722022,9.607990012
198,7.410071942,9.626556017
199,7.419354839,9.645014481
200,7.428571429,9.663366337
201,7.43772242,9.681612505
202,7.446808511,9.699753897
203,7.455830389,9.717791411
204,7.464788732,9.735725938
205,7.473684211,9.753558357
206,7.482517483,9.771289538
207,7.491289199,9.78892034
208,7.5,9.806451613
209,7.508650519,9.823884198
210,7.517241379,9.841218925
211,7.525773196,9.858456617
212,7.534246575,9.875598086
213,7.542662116,9.892644135
214,7.551020408,9.909595559
215,7.559322034,9.926453144
216,7.567567568,9.943217666
217,7.575757576,9.959889894
218,7.583892617,9.976470588
219,7.591973244,9.992960501
220,7.6,10.00936037
221,7.607973422,10.02567095
222,7.61589404,10.04189294
223,7.623762376,10.05802708
224,7.631578947,10.07407407
225,7.639344262,10.09003463
226,7.647058824,10.10590944
227,7.654723127,10.1216992
228,7.662337662,10.13740458
229,7.669902913,10.15302627
230,7.677419355,10.16856492
231,7.68488746,10.1840212
232,7.692307692,10.19939577
233,7.699680511,10.21468927
234,7.707006369,10.22990233
235,7.714285714,10.24503559
236,7.721518987,10.26008969
237,7.728706625,10.27506523
238,7.735849057,10.28996283
239,7.742946708,10.30478309
240,7.75,10.31952663
241,7.757009346,10.33419402
242,7.763975155,10.34878587
243,7.770897833,10.36330275
244,7.777777778,10.37774524
245,7.784615385,10.39211391
246,7.791411043,10.40640932
247,7.798165138,10.42063204
248,7.804878049,10.43478261
249,7.811550152,10.44886158
250,7.818181818,10.4628695
251,7.824773414,10.4768069
252,7.831325301,10.49067432
253,7.837837838,10.50447227
254,7.844311377,10.51820128
255,7.850746269,10.53186187
256,7.857142857,10.54545455
257,7.863501484,10.55897981
258,7.869822485,10.57243816
259,7.876106195,10.5858301
260,7.882352941,10.59915612
261,7.88856305,10.6124167
262,7.894736842,10.62561232
263,7.900874636,10.63874346
264,7.906976744,10.65181058
265,7.913043478,10.66481417
266,7.919075145,10.67775468
267,7.925072046,10.69063256
268,7.931034483,10.70344828
269,7.936962751,10.71620227
270,7.942857143,10.72889499
271,7.948717949,10.74152687
272,7.954545455,10.75409836
273,7.960339943,10.76660988
274,7.966101695,10.77906186
275,7.971830986,10.79145473
276,7.97752809,10.8037889
277,7.983193277,10.8160648
278,7.988826816,10.82828283
279,7.994428969,10.8404434
280,8,10.85254692
281,8.005540166,10.86459378
282,8.011049724,10.87658439
283,8.016528926,10.88851913
284,8.021978022,10.90039841
285,8.02739726,10.91222259
286,8.032786885,10.92399207
287,8.038147139,10.93570722
288,8.043478261,10.94736842
289,8.048780488,10.95897604
290,8.054054054,10.97053045
291,8.059299191,10.98203202
292,8.064516129,10.9934811
293,8.069705094,11.00487805
294,8.07486631,11.01622323
295,8.08,11.027517
296,8.085106383,11.03875969
297,8.090185676,11.04995166
298,8.095238095,11.06109325
299,8.100263852,11.07218479
300,8.105263158,11.08322663
301,8.11023622,11.0942191
302,8.115183246,11.10516252
303,8.120104439,11.11605723
304,8.125,11.12690355
305,8.12987013,11.1377018
306,8.134715026,11.14845231
307,8.139534884,11.15915537
308,8.144329897,11.16981132
309,8.149100257,11.18042046
310,8.153846154,11.19098309
311,8.158567775,11.20149953
312,8.163265306,11.21197007
313,8.167938931,11.22239502
314,8.172588832,11.23277467
315,8.17721519,11.24310932
316,8.181818182,11.25339926
317,8.186397985,11.26364477
318,8.190954774,11.27384615
319,8.195488722,11.28400368
320,8.2,11.29411765
321,8.204488778,11.30418832
322,8.208955224,11.31421599
323,8.213399504,11.32420091
324,8.217821782,11.33414338
325,8.222222222,11.34404365
326,8.226600985,11.353902
327,8.230958231,11.36371868
328,8.235294118,11.37349398
329,8.239608802,11.38322813
330,8.243902439,11.39292142
331,8.248175182,11.40257408
332,8.252427184,11.41218638
333,8.256658596,11.42175857
334,8.260869565,11.4312909
335,8.265060241,11.44078362
336,8.269230769,11.45023697
337,8.273381295,11.4596512
338,8.277511962,11.46902655
339,8.281622912,11.47836326
340,8.285714286,11.48766157
341,8.289786223,11.49692172
342,8.293838863,11.50614394
343,8.29787234,11.51532847
344,8.301886792,11.52447552
345,8.305882353,11.53358534
346,8.309859155,11.54265815
347,8.31381733,11.55169418
348,8.317757009,11.56069364
349,8.321678322,11.56965676
350,8.325581395,11.57858377
351,8.329466357,11.58747486
352,8.333333333,11.59633028
353,8.337182448,11.60515021
354,8.341013825,11.61393489
355,8.344827586,11.62268453
356,8.348623853,11.63139932
357,8.352402746,11.64007948
358,8.356164384,11.64872521
359,8.359908884,11.65733673
360,8.363636364,11.66591422
361,8.367346939,11.6744579
362,8.371040724,11.68296796
363,8.374717833,11.6914446
364,8.378378378,11.69988802
365,8.382022472,11.70829841
366,8.385650224,11.71667596
367,8.389261745,11.72502087
368,8.392857143,11.73333333
369,8.396436526,11.74161353
370,8.4,11.74986165
371,8.403547672,11.75807788
372,8.407079646,11.7662624
373,8.410596026,11.77441541
374,8.414096916,11.78253707
375,8.417582418,11.79062757
376,8.421052632,11.79868709
377,8.424507659,11.80671581
378,8.427947598,11.8147139
379,8.431372549,11.82268153
380,8.434782609,11.83061889
381,8.438177874,11.83852614
382,8.441558442,11.84640346
383,8.444924406,11.85425101
384,8.448275862,11.86206897
385,8.451612903,11.86985749
386,8.454935622,11.87761675
387,8.458244111,11.88534691
388,8.461538462,11.89304813
389,8.464818763,11.90072058
390,8.468085106,11.90836441
391,8.47133758,11.91597979
392,8.474576271,11.92356688
393,8.477801268,11.93112583
394,8.481012658,11.9386568
395,8.484210526,11.94615994
396,8.487394958,11.95363541
397,8.490566038,11.96108336
398,8.493723849,11.96850394
399,8.496868476,11.9758973
400,8.5,11.9832636
401,8.503118503,11.99060298
402,8.506224066,11.99791558
403,8.50931677,12.00520156
404,8.512396694,12.01246106
405,8.515463918,12.01969422
406,8.518518519,12.02690119
407,8.521560575,12.03408211
408,8.524590164,12.04123711
409,8.527607362,12.04836635
410,8.530612245,12.05546995
411,8.533604888,12.06254806
412,8.536585366,12.06960082
413,8.539553753,12.07662835
414,8.542510121,12.0836308
415,8.545454545,12.0906083
416,8.548387097,12.09756098
417,8.551307847,12.10448897
418,8.554216867,12.11139241
419,8.557114228,12.11827142
420,8.56,12.12512614
421,8.562874251,12.13195669
422,8.565737052,12.1387632
423,8.568588469,12.1455458
424,8.571428571,12.15230461
425,8.574257426,12.15903976
426,8.577075099,12.16575137
427,8.579881657,12.17243957
428,8.582677165,12.17910448
429,8.58546169,12.18574621
430,8.588235294,12.1923649
431,8.590998043,12.19896065
432,8.59375,12.2055336
433,8.596491228,12.21208385
434,8.59922179,12.21861152
435,8.601941748,12.22511674
436,8.604651163,12.23159961
437,8.607350097,12.23806025
438,8.61003861,12.24449878
439,8.612716763,12.2509153
440,8.615384615,12.25730994
441,8.618042226,12.2636828
442,8.620689655,12.270034
443,8.62332696,12.27636364
444,8.625954198,12.28267183
445,8.628571429,12.28895869
446,8.631178707,12.29522431
447,8.633776091,12.30146882
448,8.636363636,12.30769231
449,8.638941399,12.31389489
450,8.641509434,12.32007667
451,8.644067797,12.32623774
452,8.646616541,12.33237822
453,8.649155722,12.33849821
454,8.651685393,12.34459781
455,8.654205607,12.35067712
456,8.656716418,12.35673624
457,8.659217877,12.36277528
458,8.661710037,12.36879433
459,8.66419295,12.37479349
460,8.666666667,12.38077286
461,8.669131238,12.38673253
462,8.671586716,12.39267262
463,8.674033149,12.3985932
464,8.676470588,12.40449438
465,8.678899083,12.41037626
466,8.681318681,12.41623892
467,8.683729433,12.42208246
468,8.686131387,12.42790698
469,8.68852459,12.43371256
470,8.690909091,12.4394993
471,8.693284936,12.4452673
472,8.695652174,12.45101664
473,8.69801085,12.4567474
474,8.700361011,12.4624597
475,8.702702703,12.4681536
476,8.705035971,12.4738292
477,8.707360862,12.47948659
478,8.709677419,12.48512586
479,8.711985689,12.49074709
480,8.714285714,12.49635036
481,8.71657754,12.50193578
482,8.71886121,12.50750341
483,8.721136767,12.51305335
484,8.723404255,12.51858568
485,8.725663717,12.52410048
486,8.727915194,12.52959783
487,8.73015873,12.53507783
488,8.732394366,12.54054054
489,8.734622144,12.54598606
490,8.736842105,12.55141446
491,8.739054291,12.55682582
492,8.741258741,12.56222023
493,8.743455497,12.56759777
494,8.745644599,12.5729585
495,8.747826087,12.57830252
496,8.75,12.58362989
497,8.752166378,12.58894071
498,8.75432526,12.59423503
499,8.756476684,12.59951295
500,8.75862069,12.60477454
501,8.760757315,12.61001986
502,8.762886598,12.61524901
503,8.765008576,12.62046205
504,8.767123288,12.62565905
505,8.769230769,12.6308401
506,8.771331058,12.63600526
507,8.773424191,12.6411546
508,8.775510204,12.64628821
509,8.777589134,12.65140615
510,8.779661017,12.65650849
511,8.781725888,12.66159531
512,8.783783784,12.66666667
513,8.785834739,12.67172264
514,8.787878788,12.67676331
515,8.789915966,12.68178872
516,8.791946309,12.68679896
517,8.793969849,12.6917941
518,8.795986622,12.69677419
519,8.797996661,12.70173932
520,8.8,12.70668954
521,8.801996672,12.71162492
522,8.803986711,12.71654553
523,8.805970149,12.72145144
524,8.80794702,12.72634271
525,8.809917355,12.73121941
526,8.811881188,12.7360816
527,8.81383855,12.74092934
528,8.815789474,12.74576271
529,8.81773399,12.75058176
530,8.819672131,12.75538657
531,8.821603928,12.76017718
532,8.823529412,12.76495366
533,8.825448613,12.76971609
534,8.827361564,12.77446451
535,8.829268293,12.77919899
536,8.831168831,12.7839196
537,8.833063209,12.78862639
538,8.834951456,12.79331942
539,8.836833603,12.79799875
540,8.838709677,12.80266445
541,8.84057971,12.80731657
542,8.84244373,12.81195517
543,8.844301766,12.81658031
544,8.846153846,12.82119205
545,8.848,12.82579045
546,8.849840256,12.83037557
547,8.851674641,12.83494746
548,8.853503185,12.83950617
549,8.855325914,12.84405178
550,8.857142857,12.84858432
551,8.858954041,12.85310387
552,8.860759494,12.85761047
553,8.862559242,12.86210419
554,8.864353312,12.86658507
555,8.866141732,12.87105317
556,8.867924528,12.87550854
557,8.869701727,12.87995125
558,8.871473354,12.88438134
559,8.873239437,12.88879887
560,8.875,12.89320388
561,8.87675507,12.89759645
562,8.878504673,12.9019766
563,8.880248834,12.90634441
564,8.881987578,12.91069992
565,8.88372093,12.91504318
566,8.885448916,12.91937425
567,8.887171561,12.92369317
568,8.888888889,12.928
569,8.890600924,12.93229479
570,8.892307692,12.93657758
571,8.894009217,12.94084844
572,8.895705521,12.9451074
573,8.897396631,12.94935452
574,8.899082569,12.95358985
575,8.900763359,12.95781343
576,8.902439024,12.96202532
577,8.904109589,12.96622556
578,8.905775076,12.9704142
579,8.907435508,12.97459129
580,8.909090909,12.97875688
581,8.910741301,12.98291102
582,8.912386707,12.98705375
583,8.914027149,12.99118511
584,8.915662651,12.99530516
585,8.917293233,12.99941395
586,8.918918919,13.00351151
587,8.92053973,13.0075979
588,8.922155689,13.01167315
589,8.923766816,13.01573732
590,8.925373134,13.01979045
591,8.926974665,13.02383259
592,8.928571429,13.02786378
593,8.930163447,13.03188406
594,8.931750742,13.03589348
595,8.933333333,13.03989208
596,8.934911243,13.04387991
597,8.93648449,13.04785701
598,8.938053097,13.05182342
599,8.939617084,13.05577918
600,8.941176471,13.05972435
601,8.942731278,13.06365896
602,8.944281525,13.06758305
603,8.945827233,13.07149666
604,8.947368421,13.07539985
605,8.948905109,13.07929264
606,8.950437318,13.08317509
607,8.951965066,13.08704722
608,8.953488372,13.09090909
609,8.955007257,13.09476073
610,8.956521739,13.09860219
611,8.958031838,13.1024335
612,8.959537572,13.10625471
613,8.961038961,13.11006585
614,8.962536023,13.11386697
615,8.964028777,13.1176581
616,8.965517241,13.12143928
617,8.967001435,13.12521056
618,8.968481375,13.12897196
619,8.969957082,13.13272354
620,8.971428571,13.13646532
621,8.972895863,13.14019736
622,8.974358974,13.14391967
623,8.975817923,13.14763231
624,8.977272727,13.15133531
625,8.978723404,13.15502871
626,8.980169972,13.15871254
627,8.981612447,13.16238685
628,8.983050847,13.16605166
629,8.98448519,13.16970702
630,8.985915493,13.17335296
631,8.987341772,13.17698952
632,8.988764045,13.18061674
633,8.990182328,13.18423465
634,8.991596639,13.18784328
635,8.993006993,13.19144268
636,8.994413408,13.19503287
637,8.9958159,13.1986139
638,8.997214485,13.20218579
639,8.998609179,13.20574859
640,9,13.20930233
641,9.001386963,13.21284703
642,9.002770083,13.21638275
643,9.004149378,13.2199095
644,9.005524862,13.22342733
645,9.006896552,13.22693627
646,9.008264463,13.23043635
647,9.009628611,13.23392761
648,9.010989011,13.23741007
649,9.012345679,13.24088378
650,9.01369863,13.24434876
651,9.01504788,13.24780505
652,9.016393443,13.25125268
653,9.017735334,13.25469169
654,9.019073569,13.2581221
655,9.020408163,13.26154395
656,9.02173913,13.26495726
657,9.023066486,13.26836208
658,9.024390244,13.27175844
659,9.025710419,13.27514635
660,9.027027027,13.27852587
661,9.028340081,13.28189701
662,9.029649596,13.28525981
663,9.030955585,13.2886143
664,9.032258065,13.29196051
665,9.033557047,13.29529847
666,9.034852547,13.29862821
667,9.036144578,13.30194976
668,9.037433155,13.30526316
669,9.038718291,13.30856842
670,9.04,13.31186559
671,9.041278296,13.31515469
672,9.042553191,13.31843575
673,9.043824701,13.32170881
674,9.045092838,13.32497388
675,9.046357616,13.328231
676,9.047619048,13.33148019
677,9.048877147,13.3347215
678,9.050131926,13.33795494
679,9.051383399,13.34118054
680,9.052631579,13.34439834
681,9.053876478,13.34760836
682,9.05511811,13.35081062
683,9.056356488,13.35400517
684,9.057591623,13.35719202
685,9.058823529,13.3603712
686,9.060052219,13.36354274
687,9.061277705,13.36670667
688,9.0625,13.36986301
689,9.063719116,13.3730118
690,9.064935065,13.37615306
691,9.06614786,13.37928681
692,9.067357513,13.38241309
693,9.068564036,13.38553191
694,9.069767442,13.38864332
695,9.070967742,13.39174733
696,9.072164948,13.39484396
697,9.073359073,13.39793325
698,9.074550129,13.40101523
699,9.075738126,13.40408991
700,9.076923077,13.40715733
701,9.078104994,13.4102175
702,9.079283887,13.41327046
703,9.08045977,13.41631623
704,9.081632653,13.41935484
705,9.082802548,13.42238631
706,9.083969466,13.42541066
707,9.085133418,13.42842793
708,9.086294416,13.43143813
709,9.087452471,13.43444129
710,9.088607595,13.43743744
711,9.089759798,13.4404266
712,9.090909091,13.44340879
713,9.092055485,13.44638404
714,9.093198992,13.44935237
715,9.094339623,13.45231382
716,9.095477387,13.45526839
717,9.096612296,13.45821612
718,9.097744361,13.46115702
719,9.098873592,13.46409113
720,9.1,13.46701847
721,9.101123596,13.46993905
722,9.102244389,13.47285291
723,9.103362391,13.47576007
724,9.104477612,13.47866054
725,9.105590062,13.48155435
726,9.106699752,13.48444153
727,9.107806691,13.4873221
728,9.108910891,13.49019608
729,9.110012361,13.49306349
730,9.111111111,13.49592436
731,9.112207152,13.4987787
732,9.113300493,13.50162655
733,9.114391144,13.50446791
734,9.115479115,13.50730282
735,9.116564417,13.5101313
736,9.117647059,13.51295337
737,9.11872705,13.51576904
738,9.119804401,13.51857835
739,9.120879121,13.52138131
740,9.12195122,13.52417795
741,9.123020706,13.52696828
742,9.124087591,13.52975233
743,9.125151883,13.53253012
744,9.126213592,13.53530167
745,9.127272727,13.538067
746,9.128329298,13.54082613
747,9.129383313,13.54357908
748,9.130434783,13.54632588
749,9.131483715,13.54906654
750,9.13253012,13.55180108
751,9.133574007,13.55452953
752,9.134615385,13.55725191
753,9.135654262,13.55996823
754,9.136690647,13.56267851
755,9.137724551,13.56538279
756,9.138755981,13.56808106
757,9.139784946,13.57077337
758,9.140811456,13.57345972
759,9.141835518,13.57614013
760,9.142857143,13.57881463
761,9.143876338,13.58148323
762,9.144893112,13.58414596
763,9.145907473,13.58680283
764,9.146919431,13.58945386
765,9.147928994,13.59209908
766,9.14893617,13.59473849
767,9.149940968,13.59737213
768,9.150943396,13.6
769,9.151943463,13.60262213
770,9.152941176,13.60523854
771,9.153936545,13.60784924
772,9.154929577,13.61045426
773,9.155920281,13.61305361
774,9.156908665,13.61564731
775,9.157894737,13.61823539
776,9.158878505,13.62081784
777,9.159859977,13.62339471
778,9.160839161,13.625966
779,9.161816065,13.62853173
780,9.162790698,13.63109192
781,9.163763066,13.63364659
782,9.164733179,13.63619575
783,9.165701043,13.63873943
784,9.166666667,13.64127764
785,9.167630058,13.6438104
786,9.168591224,13.64633773
787,9.169550173,13.64885964
788,9.170506912,13.65137615
789,9.17146145,13.65388728
790,9.172413793,13.65639304
791,9.173363949,13.65889346
792,9.174311927,13.66138855
793,9.175257732,13.66387833
794,9.176201373,13.66636281
795,9.177142857,13.66884201
796,9.178082192,13.67131595
797,9.179019384,13.67378464
798,9.179954442,13.67624811
799,9.180887372,13.67870636
800,9.181818182,13.68115942
801,9.182746879,13.6836073
802,9.183673469,13.68605002
803,9.184597961,13.68848758
804,9.185520362,13.69092002
805,9.186440678,13.69334735
806,9.187358916,13.69576958
807,9.188275085,13.69818672
808,9.189189189,13.7005988
809,9.190101237,13.70300583
810,9.191011236,13.70540783
811,9.191919192,13.70780481
812,9.192825112,13.71019678
813,9.193729003,13.71258377
814,9.194630872,13.71496578
815,9.195530726,13.71734284
816,9.196428571,13.71971496
817,9.197324415,13.72208216
818,9.198218263,13.72444444
819,9.199110122,13.72680184
820,9.2,13.72915435
821,9.200887902,13.73150199
822,9.201773836,13.73384479
823,9.202657807,13.73618276
824,9.203539823,13.7385159
825,9.20441989,13.74084424
826,9.205298013,13.74316779
827,9.206174201,13.74548657
828,9.207048458,13.74780059
829,9.207920792,13.75010986
830,9.208791209,13.7524144
831,9.209659715,13.75471422
832,9.210526316,13.75700935
833,9.211391019,13.75929978
834,9.212253829,13.76158554
835,9.213114754,13.76386665
836,9.213973799,13.76614311
837,9.214830971,13.76841494
838,9.215686275,13.77068215
839,9.216539717,13.77294476
840,9.217391304,13.77520278
841,9.218241042,13.77745623
842,9.219088937,13.77970512
843,9.219934995,13.78194946
844,9.220779221,13.78418927
845,9.221621622,13.78642456
846,9.222462203,13.78865534
847,9.223300971,13.79088163
848,9.224137931,13.79310345
849,9.224973089,13.7953208
850,9.225806452,13.7975337
851,9.226638024,13.79974216
852,9.227467811,13.80194619
853,9.22829582,13.80414582
854,9.229122056,13.80634105
855,9.229946524,13.80853189
856,9.230769231,13.81071836
857,9.231590181,13.81290047
858,9.232409382,13.81507824
859,9.233226837,13.81725167
860,9.234042553,13.81942078
861,9.234856536,13.82158559
862,9.23566879,13.8237461
863,9.236479321,13.82590234
864,9.237288136,13.8280543
865,9.238095238,13.83020201
866,9.238900634,13.83234547
867,9.239704329,13.8344847
868,9.240506329,13.83661972
869,9.241306639,13.83875053
870,9.242105263,13.84087714
871,9.242902208,13.84299958
872,9.243697479,13.84511785
873,9.244491081,13.84723196
874,9.245283019,13.84934192
875,9.246073298,13.85144775
876,9.246861925,13.85354947
877,9.247648903,13.85564708
878,9.248434238,13.85774059
879,9.249217935,13.85983001
880,9.25,13.86191537
881,9.250780437,13.86399666
882,9.251559252,13.86607391
883,9.252336449,13.86814712
884,9.253112033,13.87021631
885,9.25388601,13.87228148
886,9.254658385,13.87434265
887,9.255429162,13.87639983
888,9.256198347,13.87845304
889,9.256965944,13.88050228
890,9.257731959,13.88254756
891,9.258496395,13.8845889
892,9.259259259,13.88662631
893,9.260020555,13.88865979
894,9.260780287,13.89068937
895,9.261538462,13.89271505
896,9.262295082,13.89473684
897,9.263050154,13.89675476
898,9.263803681,13.89876881
899,9.264555669,13.90077901
900,9.265306122,13.90278536
901,9.266055046,13.90478789
902,9.266802444,13.90678659
903,9.267548321,13.90878148
904,9.268292683,13.91077258
905,9.269035533,13.91275989
906,9.269776876,13.91474342
907,9.270516717,13.91672318
908,9.271255061,13.91869919
909,9.271991911,13.92067145
910,9.272727273,13.92263998
911,9.27346115,13.92460478
912,9.274193548,13.92656587
913,9.274924471,13.92852326
914,9.275653924,13.93047696
915,9.27638191,13.93242698
916,9.277108434,13.93437332
917,9.277833501,13.936316
918,9.278557114,13.93825503
919,9.279279279,13.94019043
920,9.28,13.94212219
921,9.280719281,13.94405033
922,9.281437126,13.94597486
923,9.282153539,13.94789579
924,9.282868526,13.94981313
925,9.28358209,13.9517269
926,9.284294235,13.95363709
927,9.285004965,13.95554372
928,9.285714286,13.95744681
929,9.2864222,13.95934635
930,9.287128713,13.96124237
931,9.287833828,13.96313486
932,9.288537549,13.96502385
933,9.289239882,13.96690933
934,9.289940828,13.96879133
935,9.290640394,13.97066984
936,9.291338583,13.97254488
937,9.292035398,13.97441646
938,9.292730845,13.97628458
939,9.293424926,13.97814927
940,9.294117647,13.98001052
941,9.294809011,13.98186835
942,9.295499022,13.98372276
943,9.296187683,13.98557377
944,9.296875,13.98742138
945,9.297560976,13.98926561
946,9.298245614,13.99110646
947,9.298928919,13.99294394
948,9.299610895,13.99477807
949,9.300291545,13.99660884
950,9.300970874,13.99843628
951,9.301648885,14.00026038
952,9.302325581,14.00208117
953,9.303000968,14.00389864
954,9.303675048,14.0057128
955,9.304347826,14.00752367
956,9.305019305,14.00933126
957,9.305689489,14.01113557
958,9.306358382,14.01293661
959,9.307025987,14.01473439
960,9.307692308,14.01652893
961,9.308357349,14.01832022
962,9.309021113,14.02010828
963,9.309683605,14.02189311
964,9.310344828,14.02367473
965,9.311004785,14.02545314
966,9.31166348,14.02722836
967,9.312320917,14.02900038
968,9.312977099,14.03076923
969,9.313632031,14.0325349
970,9.314285714,14.03429741
971,9.314938154,14.03605677
972,9.315589354,14.03781298
973,9.316239316,14.03956605
974,9.316888046,14.04131599
975,9.317535545,14.04306281
976,9.318181818,14.04480652
977,9.318826868,14.04654712
978,9.319470699,14.04828463
979,9.320113314,14.05001904
980,9.320754717,14.05175038
981,9.32139491,14.05347865
982,9.322033898,14.05520385
983,9.322671684,14.056926
984,9.323308271,14.0586451
985,9.323943662,14.06036116
986,9.324577861,14.06207419
987,9.325210872,14.06378419
988,9.325842697,14.06549118
989,9.32647334,14.06719517
990,9.327102804,14.06889615
991,9.327731092,14.07059415
992,9.328358209,14.07228916
993,9.328984157,14.07398119
994,9.329608939,14.07567026
995,9.330232558,14.07735637
996,9.330855019,14.07903952
997,9.331476323,14.08071973
998,9.332096475,14.082397
999,9.332715477,14.08407135
1000,9.333333333,14.08574277
1001,9.333950046,14.08741128
1002,9.334565619,14.08907688
1003,9.335180055,14.09073959
1004,9.335793358,14.0923994
1005,9.33640553,14.09405633
1006,9.337016575,14.09571039
1007,9.337626495,14.09736158
1008,9.338235294,14.0990099
1009,9.338842975,14.10065537
1010,9.339449541,14.102298
1011,9.340054995,14.10393779
1012,9.340659341,14.10557474
1013,9.34126258,14.10720887
1014,9.341864717,14.10884019
1015,9.342465753,14.11046869
1016,9.343065693,14.1120944
1017,9.34366454,14.1137173
1018,9.344262295,14.11533742
1019,9.344858963,14.11695476
1020,9.345454545,14.11856933
1021,9.346049046,14.12018113
1022,9.346642468,14.12179017
1023,9.347234814,14.12339646
1024,9.347826087,14.125
1025,9.34841629,14.1266008
1026,9.349005425,14.12819888
1027,9.349593496,14.12979423
1028,9.350180505,14.13138686
1029,9.350766456,14.13297678
1030,9.351351351,14.134564
1031,9.351935194,14.13614853
1032,9.352517986,14.13773036
1033,9.35309973,14.13930951
1034,9.353680431,14.14088598
1035,9.35426009,14.14245979
1036,9.35483871,14.14403093
1037,9.355416294,14.14559942
1038,9.355992844,14.14716526
1039,9.356568365,14.14872846
1040,9.357142857,14.15028902
1041,9.357716325,14.15184695
1042,9.35828877,14.15340226
1043,9.358860196,14.15495495
1044,9.359430605,14.15650504
1045,9.36,14.15805252
1046,9.360568384,14.15959741
1047,9.361135759,14.16113971
1048,9.361702128,14.16267943
1049,9.362267493,14.16421657
1050,9.362831858,14.16575113
1051,9.363395225,14.16728314
1052,9.363957597,14.16881259
1053,9.364518976,14.17033949
1054,9.365079365,14.17186384
1055,9.365638767,14.17338566
1056,9.366197183,14.17490494
1057,9.366754617,14.1764217
1058,9.367311072,14.17793594
1059,9.36786655,14.17944767
1060,9.368421053,14.18095689
1061,9.368974584,14.18246361
1062,9.369527145,14.18396784
1063,9.37007874,14.18546958
1064,9.370629371,14.18696884
1065,9.371179039,14.18846562
1066,9.371727749,14.18995993
1067,9.372275501,14.19145178
1068,9.3728223,14.19294118
1069,9.373368146,14.19442812
1070,9.373913043,14.19591261
1071,9.374456994,14.19739467
1072,9.375,14.1988743
1073,9.375542064,14.20035149
1074,9.376083189,14.20182627
1075,9.376623377,14.20329863
1076,9.37716263,14.20476858
1077,9.377700951,14.20623613
1078,9.378238342,14.20770128
1079,9.378774806,14.20916404
1080,9.379310345,14.21062442
1081,9.379844961,14.21208241
1082,9.380378657,14.21353803
1083,9.380911436,14.21499128
1084,9.381443299,14.21644217
1085,9.381974249,14.21789071
1086,9.382504288,14.21933689
1087,9.383033419,14.22078073
1088,9.383561644,14.22222222
1089,9.384088965,14.22366139
1090,9.384615385,14.22509822
1091,9.385140905,14.22653273
1092,9.385665529,14.22796493
1093,9.386189258,14.22939481
1094,9.386712095,14.23082239
1095,9.387234043,14.23224767
1096,9.387755102,14.23367065
1097,9.388275276,14.23509135
1098,9.388794567,14.23650976
1099,9.389312977,14.23792589
1100,9.389830508,14.23933975
1101,9.390347163,14.24075135
1102,9.390862944,14.24216068
1103,9.391377853,14.24356775
1104,9.391891892,14.24497258
1105,9.392405063,14.24637516
1106,9.392917369,14.2477755
1107,9.393428812,14.2491736
1108,9.393939394,14.25056948
1109,9.394449117,14.25196313
1110,9.394957983,14.25335456
1111,9.395465995,14.25474378
1112,9.395973154,14.25613079
1113,9.396479464,14.2575156
1114,9.396984925,14.25889821
1115,9.39748954,14.26027863
1116,9.397993311,14.26165686
1117,9.398496241,14.26303291
1118,9.398998331,14.26440678
1119,9.399499583,14.26577848
1120,9.4,14.26714801
1121,9.400499584,14.26851539
1122,9.400998336,14.2698806
1123,9.401496259,14.27124367
1124,9.401993355,14.27260459
1125,9.402489627,14.27396337
1126,9.402985075,14.27532001
1127,9.403479702,14.27667452
1128,9.40397351,14.27802691
1129,9.404466501,14.27937717
1130,9.404958678,14.28072532
1131,9.405450041,14.28207136
1132,9.405940594,14.28341529
1133,9.406430338,14.28475712
1134,9.406919275,14.28609685
1135,9.407407407,14.2874345
1136,9.407894737,14.28877005
1137,9.408381265,14.29010353
1138,9.408866995,14.29143493
1139,9.409351928,14.29276425
1140,9.409836066,14.29409151
1141,9.41031941,14.29541671
1142,9.410801964,14.29673985
1143,9.411283729,14.29806094
1144,9.411764706,14.29937998
1145,9.412244898,14.30069698
1146,9.412724307,14.30201194
1147,9.413202934,14.30332486
1148,9.413680782,14.30463576
1149,9.414157852,14.30594463
1150,9.414634146,14.30725149
1151,9.415109667,14.30855633
1152,9.415584416,14.30985915
1153,9.416058394,14.31115998
1154,9.416531605,14.3124588
1155,9.417004049,14.31375563
1156,9.417475728,14.31505046
1157,9.417946645,14.31634331
1158,9.418416801,14.31763417
1159,9.418886199,14.31892306
1160,9.419354839,14.32020997
1161,9.419822724,14.32149492
1162,9.420289855,14.3227779
1163,9.420756235,14.32405892
1164,9.421221865,14.32533799
1165,9.421686747,14.3266151
1166,9.422150883,14.32789027
1167,9.422614274,14.32916349
1168,9.423076923,14.33043478
1169,9.423538831,14.33170414
1170,9.424,14.33297157
1171,9.424460432,14.33423707
1172,9.424920128,14.33550065
1173,9.42537909,14.33676232
1174,9.425837321,14.33802207
1175,9.426294821,14.33927992
1176,9.426751592,14.34053587
1177,9.427207637,14.34178992
1178,9.427662957,14.34304207
1179,9.428117554,14.34429234
1180,9.428571429,14.34554072
1181,9.429024584,14.34678721
1182,9.429477021,14.34803183
1183,9.429928741,14.34927458
1184,9.430379747,14.35051546
1185,9.43083004,14.35175448
1186,9.431279621,14.35299164
1187,9.431728493,14.35422694
1188,9.432176656,14.35546039
1189,9.432624113,14.35669199
1190,9.433070866,14.35792174
1191,9.433516916,14.35914966
1192,9.433962264,14.36037575
1193,9.434406913,14.3616
1194,9.434850863,14.36282243
1195,9.435294118,14.36404303
1196,9.435736677,14.36526181
1197,9.436178543,14.36647878
1198,9.436619718,14.36769394
1199,9.437060203,14.3689073
1200,9.4375,14.37011885
1201,9.43793911,14.3713286
1202,9.438377535,14.37253655
1203,9.438815277,14.37374272
1204,9.439252336,14.3749471
1205,9.439688716,14.3761497
1206,9.440124417,14.37735052
1207,9.440559441,14.37854956
1208,9.440993789,14.37974684
1209,9.441427463,14.38094234
1210,9.441860465,14.38213609
1211,9.442292796,14.38332807
1212,9.442724458,14.3845183
1213,9.443155452,14.38570678
1214,9.443585781,14.38689351
1215,9.444015444,14.3880785
1216,9.444444444,14.38926174
1217,9.444872783,14.39044326
1218,9.445300462,14.39162304
1219,9.445727483,14.39280109
1220,9.446153846,14.39397742
1221,9.446579554,14.39515202
1222,9.447004608,14.39632491
1223,9.44742901,14.39749609
1224,9.447852761,14.39866555
1225,9.448275862,14.39983332
1226,9.448698315,14.40099938
1227,9.449120122,14.40216374
1228,9.449541284,14.4033264
1229,9.449961803,14.40448738
1230,9.450381679,14.40564667
1231,9.450800915,14.40680427
1232,9.451219512,14.4079602
1233,9.451637471,14.40911445
1234,9.452054795,14.41026703
1235,9.452471483,14.41141793
1236,9.452887538,14.41256718
1237,9.453302961,14.41371476
1238,9.453717754,14.41486068
1239,9.454131918,14.41600495
1240,9.454545455,14.41714757
1241,9.454958365,14.41828854
1242,9.455370651,14.41942787
1243,9.455782313,14.42056555
1244,9.456193353,14.4217016
1245,9.456603774,14.42283602
1246,9.457013575,14.42396881
1247,9.457422758,14.42509997
1248,9.457831325,14.42622951
1249,9.458239278,14.42735743
1250,9.458646617,14.42848373
1251,9.459053343,14.42960842
1252,9.459459459,14.43073151
1253,9.459864966,14.43185299
1254,9.460269865,14.43297286
1255,9.460674157,14.43409114
1256,9.461077844,14.43520782
1257,9.461480927,14.43632292
1258,9.461883408,14.43743642
1259,9.462285288,14.43854834
1260,9.462686567,14.43965868
1261,9.463087248,14.44076743
1262,9.463487332,14.44187462
1263,9.463886821,14.44298023
1264,9.464285714,14.44408428
1265,9.464684015,14.44518676
1266,9.465081724,14.44628768
1267,9.465478842,14.44738704
1268,9.465875371,14.44848485
1269,9.466271312,14.4495811
1270,9.466666667,14.45067581
1271,9.467061436,14.45176897
1272,9.467455621,14.4528606
1273,9.467849224,14.45395068
1274,9.468242245,14.45503923
1275,9.468634686,14.45612624
1276,9.469026549,14.45721173
1277,9.469417833,14.45829569
1278,9.469808542,14.45937813
1279,9.470198675,14.46045906
1280,9.470588235,14.46153846
1281,9.470977223,14.46261635
1282,9.471365639,14.46369274
1283,9.471753485,14.46476762
1284,9.472140762,14.46584099
1285,9.472527473,14.46691287
1286,9.472913616,14.46798324
1287,9.473299195,14.46905213
1288,9.473684211,14.47011952
1289,9.474068663,14.47118543
1290,9.474452555,14.47224985
1291,9.474835886,14.47331279
1292,9.475218659,14.47437426
1293,9.475600874,14.47543424
1294,9.475982533,14.47649276
1295,9.476363636,14.47754981
1296,9.476744186,14.47860539
1297,9.477124183,14.47965951
1298,9.477503628,14.48071217
1299,9.477882524,14.48176337
1300,9.47826087,14.48281312
1301,9.478638668,14.48386142
1302,9.479015919,14.48490827
1303,9.479392625,14.48595367
1304,9.479768786,14.48699764
1305,9.480144404,14.48804016
1306,9.480519481,14.48908125
1307,9.480894016,14.49012091
1308,9.481268012,14.49115914
1309,9.481641469,14.49219594
1310,9.482014388,14.49323131
1311,9.482386772,14.49426527
1312,9.482758621,14.49529781
1313,9.483129935,14.49632893
1314,9.483500717,14.49735864
1315,9.483870968,14.49838694
1316,9.484240688,14.49941383
1317,9.484609878,14.50043932
1318,9.484978541,14.50146341
1319,9.485346676,14.50248611
1320,9.485714286,14.5035074
1321,9.48608137,14.50452731
1322,9.486447932,14.50554583
1323,9.48681397,14.50656296
1324,9.487179487,14.5075787
1325,9.487544484,14.50859307
1326,9.487908962,14.50960605
1327,9.488272921,14.51061767
1328,9.488636364,14.51162791
1329,9.48899929,14.51263678
1330,9.489361702,14.51364428
1331,9.4897236,14.51465042
1332,9.490084986,14.5156552
1333,9.49044586,14.51665862
1334,9.490806223,14.51766068
1335,9.491166078,14.51866139
1336,9.491525424,14.51966076
1337,9.491884263,14.52065877
1338,9.492242595,14.52165544
1339,9.492600423,14.52265076
1340,9.492957746,14.52364475
1341,9.493314567,14.5246374
1342,9.493670886,14.52562872
1343,9.494026704,14.52661871
1344,9.494382022,14.52760736
1345,9.494736842,14.52859469
1346,9.495091164,14.5295807
1347,9.495444989,14.53056539
1348,9.495798319,14.53154876
1349,9.496151155,14.53253081
1350,9.496503497,14.53351155
1351,9.496855346,14.53449098
1352,9.497206704,14.53546911
1353,9.497557572,14.53644593
1354,9.49790795,14.53742144
1355,9.49825784,14.53839566
1356,9.498607242,14.53936858
1357,9.498956159,14.54034021
1358,9.49930459,14.54131054
1359,9.499652536,14.54227959
1360,9.5,14.54324734
1361,9.500346981,14.54421382
1362,9.500693481,14.54517901
1363,9.501039501,14.54614292
1364,9.501385042,14.54710556
1365,9.501730104,14.54806693
1366,9.502074689,14.54902702
1367,9.502418798,14.54998584
1368,9.502762431,14.5509434
1369,9.50310559,14.55189969
1370,9.503448276,14.55285472
1371,9.503790489,14.55380849
1372,9.504132231,14.55476101
1373,9.504473503,14.55571227
1374,9.504814305,14.55666228
1375,9.505154639,14.55761104
1376,9.505494505,14.55855856
1377,9.505833905,14.55950483
1378,9.50617284,14.56044986
1379,9.506511309,14.56139365
1380,9.506849315,14.5623362
1381,9.507186858,14.56327752
1382,9.50752394,14.56421761
1383,9.50786056,14.56515647
1384,9.508196721,14.5660941
1385,9.508532423,14.56703051
1386,9.508867667,14.56796569
1387,9.509202454,14.56889966
1388,9.509536785,14.5698324
1389,9.50987066,14.57076393
1390,9.510204082,14.57169425
1391,9.51053705,14.57262336
1392,9.510869565,14.57355126
1393,9.511201629,14.57447796
1394,9.511533243,14.57540345
1395,9.511864407,14.57632774
1396,9.512195122,14.57725083
1397,9.512525389,14.57817273
1398,9.51285521,14.57909343
1399,9.513184584,14.58001294
1400,9.513513514,14.58093126
1401,9.513841999,14.5818484
1402,9.51417004,14.58276435
1403,9.51449764,14.58367911
1404,9.514824798,14.5845927
1405,9.515151515,14.58550511
1406,9.515477793,14.58641634
1407,9.515803631,14.5873264
1408,9.516129032,14.58823529
1409,9.516453996,14.58914301
1410,9.516778523,14.59004957
1411,9.517102616,14.59095496
1412,9.517426273,14.59185919
1413,9.517749498,14.59276225
1414,9.518072289,14.59366416
1415,9.518394649,14.59456492
1416,9.518716578,14.59546452
1417,9.519038076,14.59636297
1418,9.519359146,14.59726027
1419,9.519679787,14.59815643
1420,9.52,14.59905144
1421,9.520319787,14.59994531
1422,9.520639148,14.60083804
1423,9.520958084,14.60172963
1424,9.521276596,14.60262009
1425,9.521594684,14.60350941
1426,9.521912351,14.6043976
1427,9.522229595,14.60528466
1428,9.522546419,14.6061706
1429,9.522862823,14.60705541
1430,9.523178808,14.6079391
1431,9.523494375,14.60882166
1432,9.523809524,14.60970311
1433,9.524124256,14.61058345
1434,9.524438573,14.61146266
1435,9.524752475,14.61234077
1436,9.525065963,14.61321777
1437,9.525379038,14.61409366
1438,9.5256917,14.61496844
1439,9.52600395,14.61584212
1440,9.526315789,14.6167147
1441,9.526627219,14.61758618
1442,9.526938239,14.61845656
1443,9.527248851,14.61932584
1444,9.527559055,14.62019404
1445,9.527868852,14.62106114
1446,9.528178244,14.62192715
1447,9.52848723,14.62279207
1448,9.528795812,14.62365591
1449,9.52910399,14.62451867
1450,9.529411765,14.62538035
1451,9.529719138,14.62624094
1452,9.53002611,14.62710046
1453,9.530332681,14.62795891
1454,9.530638853,14.62881628
1455,9.530944625,14.62967258
1456,9.53125,14.63052782
1457,9.531554977,14.63138198
1458,9.531859558,14.63223508
1459,9.532163743,14.63308712
1460,9.532467532,14.6339381
1461,9.532770928,14.63478802
1462,9.53307393,14.63563688
1463,9.533376539,14.63648469
1464,9.533678756,14.63733144
1465,9.533980583,14.63817714
1466,9.534282018,14.6390218
1467,9.534583064,14.6398654
1468,9.534883721,14.64070796
1469,9.53518399,14.64154948
1470,9.535483871,14.64238996
1471,9.535783366,14.6432294
1472,9.536082474,14.6440678
1473,9.536381198,14.64490516
1474,9.536679537,14.64574149
1475,9.536977492,14.64657679
1476,9.537275064,14.64741106
1477,9.537572254,14.6482443
1478,9.537869063,14.64907652
1479,9.538165491,14.64990771
1480,9.538461538,14.65073788
1481,9.538757207,14.65156703
1482,9.539052497,14.65239516
1483,9.539347409,14.65322227
1484,9.539641944,14.65404837
1485,9.539936102,14.65487346
1486,9.540229885,14.65569753
1487,9.540523293,14.6565206
1488,9.540816327,14.65734266
1489,9.541108987,14.65816371
1490,9.541401274,14.65898376
1491,9.541693189,14.65980281
1492,9.541984733,14.66062086
1493,9.542275906,14.66143791
1494,9.542566709,14.66225396
1495,9.542857143,14.66306902
1496,9.543147208,14.66388309
1497,9.543436906,14.66469617
1498,9.543726236,14.66550825
1499,9.544015199,14.66631935
1500,9.544303797,14.66712947
1501,9.54459203,14.6679386
1502,9.544879899,14.66874675
1503,9.545167404,14.66955392
1504,9.545454545,14.67036011
1505,9.545741325,14.67116533
1506,9.546027743,14.67196957
1507,9.5463138,14.67277283
1508,9.546599496,14.67357513
1509,9.546884833,14.67437646
1510,9.547169811,14.67517682
1511,9.547454431,14.67597621
1512,9.547738693,14.67677464
1513,9.548022599,14.67757211
1514,9.548306148,14.67836861
1515,9.548589342,14.67916416
1516,9.54887218,14.67995875
1517,9.549154665,14.68075238
1518,9.549436796,14.68154506
1519,9.549718574,14.68233679
1520,9.55,14.68312757
1521,9.550281074,14.6839174
1522,9.550561798,14.68470629
1523,9.550842171,14.68549422
1524,9.551122195,14.68628122
1525,9.551401869,14.68706727
1526,9.551681196,14.68785238
1527,9.551960174,14.68863656
1528,9.552238806,14.6894198
1529,9.552517091,14.6902021
1530,9.552795031,14.69098347
1531,9.553072626,14.6917639
1532,9.553349876,14.69254341
1533,9.553626782,14.69332199
1534,9.553903346,14.69409964
1535,9.554179567,14.69487637
1536,9.554455446,14.69565217
1537,9.554730983,14.69642706
1538,9.55500618,14.69720102
1539,9.555281038,14.69797406
1540,9.555555556,14.69874619
1541,9.555829735,14.6995174
1542,9.556103576,14.7002877
1543,9.556377079,14.70105708
1544,9.556650246,14.70182556
1545,9.556923077,14.70259312
1546,9.557195572,14.70335978
1547,9.557467732,14.70412554
1548,9.557739558,14.70489039
1549,9.55801105,14.70565434
1550,9.558282209,14.70641738
1551,9.558553035,14.70717953
1552,9.558823529,14.70794078
1553,9.559093693,14.70870113
1554,9.559363525,14.70946059
1555,9.559633028,14.71021916
1556,9.5599022,14.71097684
1557,9.560171045,14.71173362
1558,9.56043956,14.71248952
1559,9.560707749,14.71324453
1560,9.56097561,14.71399866
1561,9.561243144,14.7147519
1562,9.561510353,14.71550426
1563,9.561777237,14.71625575
1564,9.562043796,14.71700635
1565,9.56231003,14.71775607
1566,9.562575942,14.71850492
1567,9.56284153,14.7192529
1568,9.563106796,14.72
1569,9.56337174,14.72074623
1570,9.563636364,14.72149159
1571,9.563900666,14.72223609
1572,9.564164649,14.72297971
1573,9.564428312,14.72372248
1574,9.564691657,14.72446437
1575,9.564954683,14.72520541
1576,9.565217391,14.72594559
1577,9.565479783,14.7266849
1578,9.565741858,14.72742336
1579,9.566003617,14.72816097
1580,9.56626506,14.72889772
1581,9.566526189,14.72963361
1582,9.566787004,14.73036866
1583,9.567047505,14.73110285
1584,9.567307692,14.7318362
1585,9.567567568,14.73256869
1586,9.567827131,14.73330035
1587,9.568086383,14.73403115
1588,9.568345324,14.73476112
1589,9.568603954,14.73549024
1590,9.568862275,14.73621853
1591,9.569120287,14.73694597
1592,9.56937799,14.73767258
1593,9.569635386,14.73839836
1594,9.569892473,14.7391233
1595,9.570149254,14.7398474
1596,9.570405728,14.74057068
1597,9.570661896,14.74129312
1598,9.570917759,14.74201474
1599,9.571173317,14.74273553
1600,9.571428571,14.7434555
1601,9.571683522,14.74417464
1602,9.571938169,14.74489296
1603,9.572192513,14.74561045
1604,9.572446556,14.74632713
1605,9.572700297,14.74704299
1606,9.572953737,14.74775803
1607,9.573206876,14.74847226
1608,9.573459716,14.74918567
1609,9.573712256,14.74989827
1610,9.573964497,14.75061005
1611,9.57421644,14.75132103
1612,9.574468085,14.7520312
1613,9.574719433,14.75274056
1614,9.574970484,14.75344912
1615,9.575221239,14.75415687
1616,9.575471698,14.75486381
1617,9.575721862,14.75556996
1618,9.575971731,14.7562753
1619,9.576221307,14.75697985
1620,9.576470588,14.7576836
1621,9.576719577,14.75838655
1622,9.576968273,14.75908871
1623,9.577216676,14.75979007
1624,9.577464789,14.76049064
1625,9.57771261,14.76119042
1626,9.577960141,14.76188941
1627,9.578207381,14.76258761
1628,9.578454333,14.76328502
1629,9.578700995,14.76398165
1630,9.578947368,14.7646775
1631,9.579193454,14.76537256
1632,9.579439252,14.76606684
1633,9.579684764,14.76676034
1634,9.579929988,14.76745306
1635,9.580174927,14.768145
1636,9.58041958,14.76883617
1637,9.580663949,14.76952656
1638,9.580908033,14.77021617
1639,9.581151832,14.77090502
1640,9.581395349,14.77159309
1641,9.581638582,14.77228039
1642,9.581881533,14.77296693
1643,9.582124202,14.77365269
1644,9.582366589,14.7743377
1645,9.582608696,14.77502193
1646,9.582850521,14.7757054
1647,9.583092067,14.77638811
1648,9.583333333,14.77707006
1649,9.58357432,14.77775125
1650,9.583815029,14.77843168
1651,9.584055459,14.77911136
1652,9.584295612,14.77979028
1653,9.584535488,14.78046844
1654,9.584775087,14.78114585
1655,9.585014409,14.78182251
1656,9.585253456,14.78249841
1657,9.585492228,14.78317357
1658,9.585730725,14.78384798
1659,9.585968948,14.78452164
1660,9.586206897,14.78519456
1661,9.586444572,14.78586673
1662,9.586681975,14.78653816
1663,9.586919105,14.78720884
1664,9.587155963,14.78787879
1665,9.58739255,14.78854799
1666,9.587628866,14.78921646
1667,9.587864911,14.78988419
1668,9.588100686,14.79055118
1669,9.588336192,14.79121744
1670,9.588571429,14.79188296
1671,9.588806396,14.79254776
1672,9.589041096,14.79321182
1673,9.589275528,14.79387515
1674,9.589509692,14.79453775
1675,9.58974359,14.79519962
1676,9.589977221,14.79586077
1677,9.590210586,14.79652119
1678,9.590443686,14.79718089
1679,9.590676521,14.79783987
1680,9.590909091,14.79849812
1681,9.591141397,14.79915566
1682,9.591373439,14.79981247
1683,9.591605218,14.80046857
1684,9.591836735,14.80112395
1685,9.592067989,14.80177861
1686,9.592298981,14.80243256
1687,9.592529711,14.80308579
1688,9.592760181,14.80373832
1689,9.59299039,14.80439013
1690,9.593220339,14.80504123
1691,9.593450028,14.80569163
1692,9.593679458,14.80634131
1693,9.593908629,14.80699029
1694,9.594137542,14.80763857
1695,9.594366197,14.80828614
1696,9.594594595,14.808933
1697,9.594822735,14.80957917
1698,9.595050619,14.81022463
1699,9.595278246,14.8108694
1700,9.595505618,14.81151346
1701,9.595732734,14.81215683
1702,9.595959596,14.81279951
1703,9.596186203,14.81344148
1704,9.596412556,14.81408277
1705,9.596638655,14.81472336
1706,9.596864502,14.81536326
1707,9.597090095,14.81600247
1708,9.597315436,14.81664099
1709,9.597540525,14.81727882
1710,9.597765363,14.81791596
1711,9.59798995,14.81855242
1712,9.598214286,14.81918819
1713,9.598438371,14.81982328
1714,9.598662207,14.82045769
1715,9.598885794,14.82109141
1716,9.599109131,14.82172446
1717,9.59933222,14.82235682
1718,9.599555061,14.82298851
1719,9.599777654,14.82361951
1720,9.6,14.82424985
1721,9.600222099,14.8248795
1722,9.600443951,14.82550849
1723,9.600665557,14.8261368
1724,9.600886918,14.82676444
1725,9.601108033,14.8273914
1726,9.601328904,14.8280177
1727,9.60154953,14.82864333
1728,9.601769912,14.82926829
1729,9.60199005,14.82989259
1730,9.602209945,14.83051622
1731,9.602429597,14.83113918
1732,9.602649007,14.83176148
1733,9.602868174,14.83238312
1734,9.6030871,14.8330041
1735,9.603305785,14.83362442
1736,9.603524229,14.83424408
1737,9.603742433,14.83486308
1738,9.603960396,14.83548143
1739,9.60417812,14.83609911
1740,9.604395604,14.83671615
1741,9.60461285,14.83733253
1742,9.604829857,14.83794825
1743,9.605046626,14.83856333
1744,9.605263158,14.83917775
1745,9.605479452,14.83979153
1746,9.605695509,14.84040465
1747,9.60591133,14.84101713
1748,9.606126915,14.84162896
1749,9.606342264,14.84224014
1750,9.606557377,14.84285069
1751,9.606772256,14.84346058
1752,9.6069869,14.84406984
1753,9.607201309,14.84467845
1754,9.607415485,14.84528642
1755,9.607629428,14.84589376
1756,9.607843137,14.84650045
1757,9.608056614,14.84710651
1758,9.608269859,14.84771193
1759,9.608482871,14.84831671
1760,9.608695652,14.84892086
1761,9.608908202,14.84952438
1762,9.609120521,14.85012726
1763,9.60933261,14.85072952
1764,9.609544469,14.85133114
1765,9.609756098,14.85193213
1766,9.609967497,14.8525325
1767,9.610178668,14.85313223
1768,9.61038961,14.85373134
1769,9.610600324,14.85432983
1770,9.610810811,14.85492769
1771,9.61102107,14.85552492
1772,9.611231102,14.85612154
1773,9.611440907,14.85671753
1774,9.611650485,14.8573129
1775,9.611859838,14.85790765
1776,9.612068966,14.85850178
1777,9.612277868,14.8590953
1778,9.612486545,14.8596882
1779,9.612694997,14.86028048
1780,9.612903226,14.86087214
1781,9.613111231,14.8614632
1782,9.613319012,14.86205364
1783,9.61352657,14.86264347
1784,9.613733906,14.86323268
1785,9.613941019,14.86382129
1786,9.61414791,14.86440929
1787,9.61435458,14.86499667
1788,9.614561028,14.86558346
1789,9.614767255,14.86616963
1790,9.614973262,14.8667552
1791,9.615179049,14.86734017
1792,9.615384615,14.86792453
1793,9.615589963,14.86850829
1794,9.615795091,14.86909144
1795,9.616,14.869674
1796,9.616204691,14.87025596
1797,9.616409164,14.87083732
1798,9.616613419,14.87141807
1799,9.616817456,14.87199824
1800,9.617021277,14.8725778
1801,9.61722488,14.87315677
1802,9.617428268,14.87373515
1803,9.617631439,14.87431294
1804,9.617834395,14.87489013
1805,9.618037135,14.87546673
1806,9.618239661,14.87604273
1807,9.618441971,14.87661815
1808,9.618644068,14.87719298
1809,9.61884595,14.87776722
1810,9.619047619,14.87834088
1811,9.619249075,14.87891395
1812,9.619450317,14.87948643
1813,9.619651347,14.88005833
1814,9.619852165,14.88062965
1815,9.62005277,14.88120038
1816,9.620253165,14.88177053
1817,9.620453347,14.8823401
1818,9.620653319,14.88290909
1819,9.620853081,14.8834775
1820,9.621052632,14.88404534
1821,9.621251973,14.88461259
1822,9.621451104,14.88517927
1823,9.621650026,14.88574538
1824,9.621848739,14.8863109
1825,9.622047244,14.88687586
1826,9.62224554,14.88744024
1827,9.622443629,14.88800405
1828,9.622641509,14.88856729
1829,9.622839183,14.88912996
1830,9.623036649,14.88969206
1831,9.623233909,14.89025359
1832,9.623430962,14.89081456
1833,9.62362781,14.89137495
1834,9.623824451,14.89193479
1835,9.624020888,14.89249405
1836,9.624217119,14.89305275
1837,9.624413146,14.89361089
1838,9.624608968,14.89416847
1839,9.624804586,14.89472548
1840,9.625,14.89528193
1841,9.625195211,14.89583783
1842,9.625390219,14.89639316
1843,9.625585023,14.89694794
1844,9.625779626,14.89750215
1845,9.625974026,14.89805581
1846,9.626168224,14.89860892
1847,9.626362221,14.89916147
1848,9.626556017,14.89971347
1849,9.626749611,14.90026491
1850,9.626943005,14.9008158
1851,9.627136199,14.90136614
1852,9.627329193,14.90191593
1853,9.627521987,14.90246517
1854,9.627714581,14.90301386
1855,9.627906977,14.903562
1856,9.628099174,14.90410959
1857,9.628291172,14.90465664
1858,9.628482972,14.90520314
1859,9.628674575,14.90574909
1860,9.628865979,14.9062945
1861,9.629057187,14.90683937
1862,9.629248198,14.9073837
1863,9.629439012,14.90792748
1864,9.62962963,14.90847072
1865,9.629820051,14.90901342
1866,9.630010277,14.90955559
1867,9.630200308,14.91009721
1868,9.630390144,14.9106383
1869,9.630579785,14.91117885
1870,9.630769231,14.91171886
1871,9.630958483,14.91225834
1872,9.631147541,14.91279728
1873,9.631336406,14.91333569
1874,9.631525077,14.91387357
1875,9.631713555,14.91441091
1876,9.63190184,14.91494773
1877,9.632089934,14.91548401
1878,9.632277835,14.91601976
1879,9.632465544,14.91655498
1880,9.632653061,14.91708968
1881,9.632840388,14.91762385
1882,9.633027523,14.91815749
1883,9.633214468,14.9186906
1884,9.633401222,14.91922319
1885,9.633587786,14.91975526
1886,9.633774161,14.9202868
1887,9.633960346,14.92081782
1888,9.634146341,14.92134831
1889,9.634332148,14.92187829
1890,9.634517766,14.92240775
1891,9.634703196,14.92293668
1892,9.634888438,14.9234651
1893,9.635073492,14.92399299
1894,9.635258359,14.92452038
1895,9.635443038,14.92504724
1896,9.63562753,14.92557359
1897,9.635811836,14.92609942
1898,9.635995956,14.92662474
1899,9.636179889,14.92714954
1900,9.636363636,14.92767383
1901,9.636547198,14.92819761
1902,9.636730575,14.92872088
1903,9.636913767,14.92924364
1904,9.637096774,14.92976589
1905,9.637279597,14.93028762
1906,9.637462236,14.93080885
1907,9.63764469,14.93132958
1908,9.637826962,14.93184979
1909,9.63800905,14.9323695
1910,9.638190955,14.9328887
1911,9.638372677,14.9334074
1912,9.638554217,14.9339256
1913,9.638735575,14.93444329
1914,9.63891675,14.93496048
1915,9.639097744,14.93547716
1916,9.639278557,14.93599335
1917,9.639459189,14.93650904
1918,9.63963964,14.93702422
1919,9.63981991,14.93753891
1920,9.64,14.9380531
1921,9.64017991,14.93856679
1922,9.64035964,14.93907998
1923,9.640539191,14.93959268
1924,9.640718563,14.94010489
1925,9.640897756,14.94061659
1926,9.64107677,14.94112781
1927,9.641255605,14.94163853
1928,9.641434263,14.94214876
1929,9.641612743,14.9426585
1930,9.641791045,14.94316774
1931,9.64196917,14.9436765
1932,9.642147117,14.94418477
1933,9.642324888,14.94469255
1934,9.642502483,14.94519984
1935,9.642679901,14.94570664
1936,9.642857143,14.94621295
1937,9.643034209,14.94671878
1938,9.6432111,14.94722413
1939,9.643387816,14.94772899
1940,9.643564356,14.94823336
1941,9.643740722,14.94873725
1942,9.643916914,14.94924066
1943,9.644092931,14.94974359
1944,9.644268775,14.95024604
1945,9.644444444,14.950748
1946,9.644619941,14.95124949
1947,9.644795264,14.95175049
1948,9.644970414,14.95225102
1949,9.645145392,14.95275107
1950,9.645320197,14.95325065
1951,9.64549483,14.95374974
1952,9.645669291,14.95424837
1953,9.645843581,14.95474651
1954,9.646017699,14.95524418
1955,9.646191646,14.95574138
1956,9.646365422,14.95623811
1957,9.646539028,14.95673436
1958,9.646712463,14.95723014
1959,9.646885728,14.95772545
1960,9.647058824,14.95822029
1961,9.647231749,14.95871466
1962,9.647404505,14.95920856
1963,9.647577093,14.959702
1964,9.647749511,14.96019496
1965,9.64792176,14.96068746
1966,9.648093842,14.96117949
1967,9.648265755,14.96167106
1968,9.6484375,14.96216216
1969,9.648609078,14.9626528
1970,9.648780488,14.96314297
1971,9.648951731,14.96363268
1972,9.649122807,14.96412193
1973,9.649293717,14.96461072
1974,9.64946446,14.96509904
1975,9.649635036,14.96558691
1976,9.649805447,14.96607431
1977,9.649975693,14.96656126
1978,9.650145773,14.96704775
1979,9.650315687,14.96753378
1980,9.650485437,14.96801935
1981,9.650655022,14.96850447
1982,9.650824442,14.96898913
1983,9.650993698,14.96947333
1984,9.651162791,14.96995708
1985,9.651331719,14.97044038
1986,9.651500484,14.97092322
1987,9.651669086,14.97140561
1988,9.651837524,14.97188755
1989,9.6520058,14.97236904
1990,9.652173913,14.97285007
1991,9.652341864,14.97333066
1992,9.652509653,14.9738108
1993,9.652677279,14.97429048
1994,9.652844744,14.97476972
1995,9.653012048,14.97524852
1996,9.653179191,14.97572686
1997,9.653346172,14.97620476
1998,9.653512993,14.97668221
1999,9.653679654,14.97715922
2000,9.653846154,14.97763578
2001,9.654012494,14.9781119
2002,9.654178674,14.97858758
2003,9.654344695,14.97906281
2004,9.654510557,14.9795376
2005,9.654676259,14.98001195
2006,9.654841802,14.98048586
2007,9.655007187,14.98095933
2008,9.655172414,14.98143236
2009,9.655337482,14.98190495
2010,9.655502392,14.9823771
2011,9.655667145,14.98284882
2012,9.65583174,14.9833201
2013,9.655996178,14.98379094
2014,9.656160458,14.98426134
2015,9.656324582,14.98473131
2016,9.65648855,14.98520085
2017,9.656652361,14.98566995
2018,9.656816015,14.98613861
2019,9.656979514,14.98660685
2020,9.657142857,14.98707465
2021,9.657306045,14.98754202
2022,9.657469077,14.98800896
2023,9.657631954,14.98847547
2024,9.657794677,14.98894155
2025,9.657957245,14.9894072
2026,9.658119658,14.98987242
2027,9.658281917,14.99033721
2028,9.658444023,14.99080158
2029,9.658605974,14.99126552
2030,9.658767773,14.99172903
2031,9.658929417,14.99219211
2032,9.659090909,14.99265477
2033,9.659252248,14.99311701
2034,9.659413434,14.99357882
2035,9.659574468,14.99404021
2036,9.65973535,14.99450118
2037,9.659896079,14.99496172
2038,9.660056657,14.99542184
2039,9.660217084,14.99588155
2040,9.660377358,14.99634083
2041,9.660537482,14.99679969
2042,9.660697455,14.99725813
2043,9.660857277,14.99771615
2044,9.661016949,14.99817375
2045,9.661176471,14.99863094
2046,9.661335842,14.99908771
2047,9.661495063,14.99954406
2048,9.661654135,15
