sample,P05814,P00709,P47710,P02788,P01834,P02768,P07498,P10451,P19835,P01876,P0DOY3,P01591,P01833,P01877,P04264,P13645,P10909,P35527,P61769,P61626,CON__P00761,P47989,A0A0J9YVR3,S4R460,CON__P02662,S4R371,Q13410,P01857,P22897,P08571,P35908,P01034,P02647,P63261,Q08431,Q08380,P04745,P23280,E9PJK1,P01011,Q6WN34,E9PNW4,H0YCU0,P01859,CON__P02663,H0YLF3,P01009,P01619,P02763,P0C0L5,A0A0G2JMB2,CON__P02666,P01780,P15291,H0Y8D1,V9HW75,CON__P02754,P01871,G3V2V8,P25311,P02774,Q5H9A7,Q99541,P18065,P23284,P02787,P02766,P07602,P02649,P0CG04,P08779,P63313,J3QLR0,E9PDQ1,CON__P02668,P01024,P49327,V9GYC1,H0YH81,P81605,A0A087X0Q4,P06733,P02765,CON__P00711,D6RF34,P02750,P04406,P30086,A0A0C4DH31,D6RAL1,Q02818,P04004,H0Y8K1,Q16851,P06858,Q6X4U4,A0A075B6K5,P02533,P20061,P00738,P06396,J3QS39,Q92876,P06702,F5H386,Q9P2X0,H3BVC8,P63104,D6RC73,P07195,P01825,A0A087X1J7,P02538,O00560,P02749,A0A0C4DH29,P01860,O60664,O00391,P15328,P04432,G3V4S2,P34096,P13647,P25705,P02790,E7EU05,P01717,A0A0C4DGN4,F5GZD9,P0DP03,P23297,Q96KP4,A6NNI4,A0A087WWM1,P06727,P19652,P04080,P60709,P23528,P12273,P62937,E9PM31,P68032,A0A0C4DH68,Q2QBA2,P25774,P05155,Q9NP72,P04075,P05090,P04003,J3KTF8,P01602,Q01469,P04217,P01008,P45877,P07108,A0A075B7B8,P01594,P19875,P84077,P24821,P50395,P00751,Q9H4G4,A0A0C4DH38,P60174,Q9BRK5,A0A0G2JNJ5,Q5VTE0,Q9NZH0,P07737,Q12841,P31153,X6R3G6,Q14512,H7C469,E9PKE3,P04066,P60953,Q16740,K7ELW0,Q9H173,P08238,P00441,E9PLD0,G3XAM2,Q9UBI6,P02675,P0DP04,E5RIP1,A0A075B6J9,A0A0B4J1Y9,P14550,P01042,P40925,P27105,Q5SZC9,P04114,P31431,H0YDD8,P68871,P61586,Q9UHD0,P01721,P00450,P10599,Q5SYZ4,Q14697,P62258,R4GNA5,C9JEU5,Q96FE7,Q9HB40,C9JPV4,P28799,A0A1W2PP70,Q96S86,P61224,P22033,A0A0A0MSE8,P02671,P00747,F8WBR5,E7EP32,F8WCJ1,H0Y552,P30041,Q5FBY3,P08294,P43490,H0YFX9,P36871,H0YAE9,E9PSE5,P01023,F8VRK0,O75528,E9PHK0,Q6UXA7,Q6UXI9,Q9BY76,P10643,Q96CV9,A0A0G2JNZ7,P62805,Q16555,P13693,O14745,CON__Q9QWL7,O00300,P63000,P15531,P02748,P07237,D6R904,P14174,H3BM38,P31946,P15311,Q02413,A6QRJ1,O75629,H0YMM1,Q9P225,P35326,P20339,Q99880,P14923,A0A1W2PR11,I3L3P7,P27797,E9PIT3,P11021,P62942,D6RD69,P02760,A0A0C4DH36,E7EPB3,P52209,A0A0A0MS15,S4R3V8,P00558,P01133,M0QZN2,CON__P35908,P00491,Q92520,F5GWX2,Q02487,P47929,P04792,P49189,H7C3P4,P50591,Q9H3G5,Q9BXJ1,P62820,P58499,Q13332,A6PVX1,P05109,G3V423,P36222,P17066,P11498,F5GZQ4,Q14195,P15289,P52823,E9PP60,O75874,Q14624,Q9UHL4,Q9HCY8,Q01459,Q99536,A0A0A0MTB9,F8VQQ8,B1AP61,P07858,Q9Y646,P27348,P02751,P08603,P06312,B7ZB02,P29966,P04433,A6NGH8,Q5T749,C9JEN3,Q6PCB0,P36955,Q99519,P02794,P51149,F6RFD5,P15924,P53634,Q68D85,P15259,Q08554,Q96BY6,M0QZK8,H3BLU7,Q9UN76,H3BQZ9,Q14376,Q6JEL2,Q5T985,O00299,P00167,Q99538,E5RJS4,Q6UWW8,P68036,A0A0C4DH35,B1AKG0,Q14118,Q9NQX5,P01019,Q8NEZ4,P13984,P0DJI8,P0C0L4,P14625,P61019,H3BMH2,P07996,Q8IYX3,P13639,Q86Y46,P01861,P09467,P28838,P54802,A0A087WTA8,CON__P04259,P19827,Q2I0M4,H9KV75,C9J6B1,K7EMS3,Q15181,A0A140T958,E7ESS4,Q9UNQ0,A0A024R6I7,Q9NR31,O15232,Q13438,F8W7C6,A0A0B4J1R6,G3V482,Q9H7C4,Q15833,Q9BWS9,P62701,P19440,P43652,D6RFX4,F8VWW8,O00764,Q6ZRK6,E7EQ29,H3BTN5,H7C0V9,P31947,B4DYP1,P00352,P07900,Q86U57,Q92484,B5MCP9,Q99650,Q5QPR4,A6NIW2,Q8N1N4,Q9NZP8,P48449,Q9BWD1,Q01518,P15814,P16066,P07360,Q13790,Q96P63,H0YNC2,O60543,F5H2L1,X6R9L0,Q10471,E9PCD7,CON__Q6IFZ6,P61981,Q96RL7,S4R3D5,P31944,P27169,CON__Q6NXH9,O75891,A0A1B0GWF2,Q9NR45,O75355,Q02809,Q8WUM4,Q96PD5,Q06210,P28070,O43278,P04083,P02452,Q5D862,A0A087X0D5,P25788,P30044,Q6KB66,P29992,A0A0U1RQV3,A0A140T975,CON__O76011,O75083,P21399,Q12955,Q8NBJ4,H0Y8P9,Q709C8,P04196,O60603,H0Y7S3,P53396,Q9HC84,J3QLR4,I3L116,X6RKS3,H0Y7U8,P03973,P05386,Q9BYK2,Q02790,Q9NRK6
2542,8.221204194,65.65888362,2.026476403,1.248458186,9.302004793,0.419707603,0.123006579,0.186262585,0.066964151,0.044953098,0.429442719,3.054275253,0.435143374,0.230725713,1.747574473,0.508411371,0.395085522,0.285185999,0.022670114,0.083650802,0.341999721,0.036087171,0,0.367254659,0.013526323,0.221025206,0.04323944,0.376203649,0.152943668,0.007036081,0.279510065,0,0,0.403085226,0,0.111155348,0.029759592,0,0,0,0,0,0.097242389,0.212605245,0,0,0.123743264,0,0,0.008419466,0,0.016270845,0,0,0,0.032263826,0,0.008963328,0.023562541,0.02005958,0,0,0,0,0,0,0,0,0,0,0.009198177,0.391327935,0,0,0,0.01743273,0.00682447,0,0.225059667,0,0,0.005929076,0,0.07489958,0,0,0,0.2565344,0,0.198326416,0,0.017468823,0,0,0,0,0,0.007501824,0,0,0.009193233,0.253093242,0,0,0,0,0.043767975,0.0104896,0,0.129631797,0,0,0,0,0,0,0.051567933,0.006786894,0.020244493,0,0,0.365741736,0,0.006614836,0.080432132,0,0,0,0,0,0,0,0,0,0.005246778,0,0,0.07524073,0.01831428,0,0,0,0,0.027711213,0,0,0,0,0,0.002903675,0,0,0,0,0,0,0,0,0,0,0,0,0,0,0.013713708,0,0.005865296,0,0,0,0.003958667,0,0,0,0,0,0,0,0,0.008806597,0,0,0,0.036187043,0,0,0,0,0,0,0,0,0,0,0,0,0,0,0,0,0.000938655,0,0,0,0,0,0,0,0,0,0.001935652,0,0.03194097,0,0,0,0,0,0,0,0,0.030274777,0,0,0,0,0,0,0,0,0,0,0,0,0,0,0,0.000763383,0,0,0,0,0,0,0,0.012173098,0,0,0,0,0,0,0,0,0,0,0,0,0,0,0,0.003814939,0,0,0,0,0,0,0,0,0,0,0,0.009901735,0,0,0,0.02842911,0,0,0,0,0,0,0,0,0,0,0,0,0,0,0,0,0.010163778,0,0,0,0,0,0,0.004672707,0,0,0,0,0,0.007510724,0,0,0,0,0.043912839,0,0,0,0,0,0,0,0,0,0,0,0,0,0.001611708,0,0,0,0,0,0,0,0,0,0,0,0,0,0,0,0,0,0,0.004464013,0,0,0,0,0,0,0,0,0,0,0,0,0,0,0,0,0,0,0,0,0,0,0,0,0,0,0,0,0,0,0,0,0,0.002918705,0,0,0,0,0,0,0,0,0,0,0,0,0,0,0,0,0,0,0,0,0,0,0,0,0,0,0,0,0,0,0,0,0,0,0,0,0,0,0,0,0,0,0.000885357,0,0,0,0,0,0,0,0,0,0,0,0,0,0,0,0,0,0,0,0,0,0,0,0,0.001629705,0,0,0,0,0,0,0,0,0,0,0,0,0,0,0,0,0,0,0,0,0,0,0,0,0,0,0,0,0,0,0,0,0,0,0,0
2584,22.01500632,49.67581936,2.796251588,0.871985949,8.571030201,0.906119623,0.180702213,0.244557258,0.314288633,0.247732013,0.524057044,2.889148566,0.200272456,0.267654107,2.112971471,1.720919535,0.183978075,0.556492123,0.036442954,0.095477224,0.345716687,0.022891805,0,0.536149424,0.402425499,0.092193273,0.015646083,0.217937845,0.115783525,0,0.678588759,0,0,0.094927203,0,0.066548531,0.011576735,0,0,0.032793806,0,0.021682567,0,0.114784589,0.11580779,0,0.099161558,0.104164325,0,0.136304172,0.0675596,0.092314602,0,0,0,0.013669647,0,0.050909323,0,0.006203512,0,0,0,0,0,0,0,0,0,0.025604704,0.035623584,0,0,0,0.209768411,0.035539059,0,0,0.297298637,0.030849319,0.242923371,0,0,0,0,0,0,0.008365177,0,0.339452106,0.006399659,0.01207782,0,0,0,0,0,0.041611537,0,0,0.003813225,0.075324606,0,0,0,0,0.026191528,0,0,0.019181183,0,0,0.001969117,0,0,0.018248169,0.038281077,0,0.02512748,0,0,0,0,0.022996147,0.08184802,0,0,0.056425713,0,0,0,0,0,0,0.002508744,0,0,0.012389229,0,0,0,0,0,0,0.042100894,0,0,0,0,0,0,0,0,0.059758195,0,0,0.02472831,0,0,0,0,0,0,0,0.004366603,0,0,0,0,0,0,0,0,0,0.014346254,0,0,0,0,0,0,0,0,0,0,0,0,0,0,0,0,0,0,0,0,0,0,0,0,0,0.000646841,0,0,0,0,0,0,0,0,0,0.001616173,0,0.021654257,0,0,0,0,0,0,0,0,0.031506513,0.030232567,0,0,0,0,0,0.101810557,0,0,0,0,0,0,0,0,0.000253596,0,0,0,0,0,0,0.001382535,0.019712197,0,0.014828331,0,0,0,0,0,0,0,0,0,0,0,0,0,0,0,0,0,0,0,0.012737037,0,0.009116198,0,0,0,0.005541869,0,0,0,0,0,0,0,0,0,0,0,0.001711415,0,0,0,0,0,0,0,0,0,0,0,0,0,0,0,0.010889208,0,0,0,0,0,0.018460089,0,0,0,0,0,0,0,0,0,0,0,0,0,0,0,0,0,0.000392274,0,0,0,0,0,0,0,0,0,0,0,0,0,0,0,0,0,0,0,0.008150426,0,0,0,0,0,0,0,0,0,0,0,0,0,0,0,0,0,0,0,0,0,0.002937923,0,0,0,0,0,0,0,0,0,0,0,0.004291379,0,0,0,0,0,0,0,0,0,0,0,0,0,0,0,0,0,0.011937484,0,0,0,0,0,0,0,0,0,0,0,0,0,0,0,0,0,0,0,0,0,0,0,0,0,0,0,0,0.003838259,0,0,0,0,0,0,0,0,0,0,0,0,0,0,0,0,0,0,0,0,0,0,0,0,0,0,0,0.00458742,0,0,0,0,0,0,0,0,0,0,0,0,0,0,0,0,0,0,0,0,0,0,0,0,0,0,0,0,0
2605,29.96331492,56.03340701,3.740280215,0.384804991,1.114784272,1.035257148,0.143053922,0.232583622,0.150213261,0.012139749,0.055820829,3.463017154,0.58531204,0.051269372,0.37115062,0.331113743,1.015593639,0.059909168,0,0,0.038480499,0.007925001,0,0,0,0.078035279,0.003070848,0,0.102884183,0,0.231441013,0,0.038894268,0.073259855,0.008431394,0.047628965,0.046831796,0.039604128,0,0.026445521,0,0,0,0,0,0,0.00966321,0,0,0.032604602,0.018183431,0,0,0,0,0.088679386,0,0,0,0.059305597,0,0,0.042398017,0.006668131,0,0,0.013390546,0,0.033046842,0,0.00413579,0,0,0,0,0.011036239,0,0,0,0,0,0,0,0,0,0,0,0,0,0,0.020031345,0.014853921,0,0,0,0,0,0,0,0,0,0,0,0,0,0,0,0,0,0.004499071,0,0,0,0,0,0,0,0,0,0.048596957,0,0,0,0.001051352,0,0,0,0,0,0,0,0,0,0,0,0,0,0,0,0,0,0,0,0,0,0,0,0,0,0,0,0,0,0,0,0,0,0,0,0,0,0,0,0,0,0,0,0,0,0.01270536,0,0,0,0,0,0.038552624,0,0,0,0,0,0,0,0,0,0,0,0,0.002185079,0,0,0,0,0,0,0,0,0,0,0,0,0.031883734,0,0,0,0,0,0,0,0,0,0,0,0,0,0,0,0.005161861,0,0,0,0,0,0,0.00110537,0,0,0,0,0.004969781,0,0,0,0,0,0,0,0,0,0,0,0,0,0,0,0,0,0,0,0,0,0,0,0,0,0,0,0,0,0,0,0,0,0,0,0,0,0,0,0,0,0,0,0,0,0,0,0,0,0,0,0,0,0,0,0.001817546,0,0,0,0,0,0,0,0,0,0,0,0,0,0,0.007515788,0,0,0,0,0,0,0,0,0,0,0,0,0,0,0,0,0,0,0,0,0,0,0,0,0,0,0,0,0,0,0,0,0,0,0,0,0,0,0,0,0,0,0,0,0,0,0,0,0,0,0,0,0,0,0,0,0,0,0,0,0,0,0,0,0,0,0,0,0,0,0,0,0,0,0,0,0,0,0,0,0,0,0,0,0,0,0,0,0,0,0,0,0,0,0,0,0,0,0,0,0,0,0,0,0,0,0,0,0,0,0,0,0,0,0,0,0,0,0,0,0,0,0,0,0,0,0,0,0,0,0,0,0,0,0,0,0,0,0,0,0,0,0,0,0,0,0,0,0,0,0,0,0,0,0,0,0,0,0,0,0,0,0,0,0,0,0,0,0,0,0,0,0,0,0,0,0,0,0,0,0,0,0
2552,30.00036258,31.99502249,5.291989424,3.620032458,5.894198848,1.326618236,0.007833169,12.55195859,1.941574849,0.799325019,0,1.588655564,0.304238573,0.125820267,0.099387847,0.243784708,0.47814666,0.2662511,0,0.015035755,0.042150425,0.137220744,0.981237156,0.093137066,0.024588101,0.067649039,0.072180432,0.038946688,0.049019508,0,0.020561302,0.082206668,0.007111534,0.11084973,0.005848673,0.022328757,0.057040497,0.08462694,0,0.039124555,0.112973556,0,0,0.053601721,0.003008083,0,0.028704469,0,0.025985633,0.205560079,0.137055581,0.040589847,0,0,0.051416488,0.048324977,0.02189891,0.005129579,0.121464624,0.021070554,0.018161569,0,0.003356407,0,0,0,0.013932551,0,0.007156425,0,0.008642044,0,0.027198945,0.020176768,0,0.023349379,0.012892237,0,0.008130039,0,0.014060235,0.01374452,0.006282332,0.022578618,0,0.021625755,0,0.013538066,0,0,0,0.018177238,0,0,0.016156322,0,0,0.003138943,0,0.004495819,0.003462281,0,0.005512842,0,0.00914812,0,0,0,0,0,0,0.018778813,0,0,0.002704437,0,0.029291009,0,0.012449896,0.016535138,0,0,0,0.001868691,0.039653924,0,0,0,0,0,0,0,0.011545312,0,0,0,0.013413135,0.011127111,0.016678279,0,0,0,0,0,0,0,0,0,0.00297505,0,0,0,0,0,0,0,0,0,0,0,0,0,0,0,0,0.004536898,0,0,0,0,0.001107523,0,0,0,0,0.027126951,0,0,0.016703477,0.001182207,0,0,0,0,0,0,0.024469522,0,0,0,0.001638607,0,0,0,0,0,0.011037965,0,0,0,0,0,0,0,0,0,0,0,0,0.007382359,0,0,0,0,0,0,0,0,0,0,0,0,0,0.001557889,0,0,0,0,0,0,0,0,0,0,0,0,0,0,0,0,0,0,0,0.003467574,0,0.006210973,0,0,0,0,0.004785278,0,0,0,0,0,0,0,0,0,0,0,0,0,0,0,0.021365306,0,0,0,0,0.008309812,0,0,0,0,0,0,0.003513524,0,0,0,0,0,0,0,0,0,0,0,0,0,0,0,0,0,0,0,0,0,0,0,0,0,0,0.003844908,0.002341714,0,0,0,0,0,0,0,0,0,0,0,0,0,0,0,0,0,0,0,0,0,0,0,0,0,0,0,0,0,0,0,0,0,0,0,0,0,0,0,0,0,0,0,0,0,0,0,0,0,0,0,0,0,0,0,0,0,0,0,0,0,0,0,0,0,0,0,0,0.008723143,0,0,0,0,0,0,0,0,0,0,0,0,0,0,0,0,0,0,0,0,0,0,0,0,0,0,0,0,0,0,0,0,0,0,0,0,0,0.001684217,0,0,0,0,0,0.003245451,0,0,0,0,0,0,0,0,0,0,0,0,0,0,0,0,0,0,0,0,0,0,0,0,0,0,0,0,0,0,0,0,0,0,0,0,0,0,0,0,0,0,0,0,0,0,0.0009784,0,0,0,0,0,0,0,0,0,0,0,0,0,0,0,0,0
2494,36.58822138,24.05533409,10.152358,5.098956727,3.285216048,3.759266773,0.744823086,0.748556578,0.999565409,1.027823491,1.021829352,0.45214643,1.279834199,0.487880058,0.508868106,0.831352757,0.472252483,0.374950489,0.332332164,0.366661452,0.416061716,0.096642639,0.009593191,0.224129401,1.197628871,0.237847416,0.088636182,0.041389526,0.212141124,0.100042171,0.186195068,0.191675423,0.144501553,0.027264767,0.05167975,0.068777601,0.139971697,0.042659427,0.094553253,0.014242073,0.133891928,0.038814616,0.08250161,0.078208094,0.376063686,0.354202207,0.009504135,0,0.052644806,0.016628596,0,0.295930618,0.032908677,0.012906236,0.094758767,0.018290685,0.397240121,0.011255279,0.049844687,0.045309693,0.023816425,0.012892536,0.022446336,0.01666713,0.03861424,0.020744857,0.090605685,0.013729146,0.02914607,0.041807403,0.021544646,0,0.031600242,0.030588945,0.150170295,0.011384582,0.00466952,0.030219877,0,0.101343756,0.041901597,0.019873994,0.037645759,0.013438002,0.085359101,0.019382475,0.001506841,0.01236077,0.021387942,0,0.008686363,0.021222675,0.008706914,0.00836405,0.017102133,0.052693615,0,0.01644706,0,0.002941581,0.021712482,0.006307375,0.004728861,0.02314765,0.029623032,0.014625698,0.029277941,0.003719791,0.01902197,0.002926938,0,0.012136418,0.009785859,0.01109515,0.015750883,0,0.010216581,0.004605211,0.005860812,0.008777988,0,0,0.009556369,0.014911704,0,0.01010098,0.012121004,0.013175116,0.01915641,0,0,0,0.001284287,0,0.004641433,0.005390786,0,0,0.003065402,0.002154036,0.005663262,0.005488833,0.076384163,0.008285013,0.012122717,0,0.002049567,0.001390212,0.00270858,0.001972157,0.007884433,0,0,0,0,0.010042751,0.004209427,0,0,0,0.00583675,0.006403709,0,0,0,0.010794587,0.002764754,0.005207879,0.002641959,0.004269539,0.00094245,0.002343023,0,0,0.005822877,0,0.002786589,0.010320194,0.001476699,0.001156954,0,0,0,0,0.004021639,0.002033897,0,0,0.005492772,0,0.003426078,0.010785168,0,0,0,0,0.001366578,0,0.000874973,0,0,0,0,0.001371373,0.006619242,0,0,0.001896032,0,0,0.000736971,0,0,0.002972408,0,0.001043237,0,0,0,0,0,0,0,0.003295235,0.003704806,0,0,0,0,0,0,0,0,0,0,0,0,0.000956836,0,0,0.002281455,0,0.002274091,0.000869493,0.001473188,0,0.00341957,0,0,0,0.000920957,0,0.003117038,0,0,0.003446458,0.000977216,0,0.003129283,0,0.001259368,0,0.0005638,0,0,0.00111491,0,0,0,0,0.000490492,0,0,0.002349189,0.000432075,0,0,0,0.002811765,0,0,0,0,0.000631816,0,0.00037811,0,0.002392603,0,0.002881297,0,0,0,0,0,0,0.002115331,0,0,0,0.002149755,0,0,0,0,0,0.001737529,0,0,0,0,0,0,0.000939196,0.001613108,0.000845139,0,0.000869578,0.001154985,0,0,0,0,0,0,0.001292079,0.000715769,0,0,0,0,0,0,0,0,0.001160893,0,0,0.00092481,0,0.000104966,0,0.000856562,0.001382505,0.001266904,0,0,0,0,0,0,0,0.000355281,0,0,0,0,0,0,0,0.000762103,0,0,0,0,0,0,0,0.00053788,0,0,0,0,0,0,0,0,0.000320532,0,0,0,0,0,0,0,0,0,0,0,0,0,0,0.00166089,0,0,0,0,0,0,0.000549037,0,0,0.000569923,0,0,0,0,0,0,0.000729333,0,0,0,0,0,0,0,0.000839376,0,0,0,0,0,0,0,0,0,0,0,0,0,0,0,0,0,0,0,0,0.000231759,0,0,0,0,0,0,0,0,0,0,0.000628871,0,0,0,0,0,0.000248311,0,0,0,0,0,0,0,0,0,0,0,0,0,0,0,0,0,0,0,0,0,0,0,0,0,0,0,0
2473,28.32686072,17.71798964,9.525631404,5.837171663,7.526796294,4.240037932,3.314699069,2.137463996,1.23655534,2.659883552,3.959771159,1.212196776,1.109317664,1.144136082,0.760990198,0.763640983,0.813432754,0.410520612,0.236020157,0.294681311,0.168417978,0.46383721,0.406974291,0.152061918,0.049191404,0.331505728,0.236514493,0.114127037,0.132789996,0.09069983,0.173583426,0.173547605,0.07230195,0.12589079,0.131636546,0.114578387,0.055190058,0.067749047,0.081952239,0.085469903,0.086429917,0.093386436,0.14694662,0.032331695,0.007144438,0.021268609,0.062068487,0.011199924,0.071152082,0.039929418,0.161554594,0.020918275,0.059799558,0.056710319,0.033588311,0.051691739,0.003599193,0.038586115,0.063162473,0.013089146,0.035535563,0.034955256,0.036774984,0.138636051,0.04854232,0.038863373,0.076364098,0.038979434,0.03755804,0.089768473,0.022701465,0.054188491,0.052404585,0.075661999,0,0.010203373,0.034038228,0,0.01323673,0.001839215,0,0.041981985,0.05707928,0.004389771,0.021270758,0.023756764,0.020461194,0.018559077,0.040681668,0.033262336,0.019223206,0.025620194,0.073971228,0.027772345,0.011461421,0.010737112,0.030479011,0.009582946,0,0.024236771,0.012437913,0,0.012606273,0.02274875,0.006561194,0.020456179,0.036636713,0.029645089,0.012301075,0.012999592,0.002287126,0.011180581,0.00426239,0.013097743,0.0201431,0.019711093,0.00290569,0.008023281,0.013709573,0.011075266,0,0.039396395,0.009009803,0.00581181,0.012743111,0.017581152,0.00502947,0.012144893,0.015691214,0,0.02226516,0,0.014638064,0,0.005764669,0.01017185,0.01078153,0.003702,0.009552139,0.01846809,0.017600495,0.0030954,0,0.006808505,0.020160294,0,0.0068689,0.001605659,0.015017055,0.009608021,0.003448241,0.002347951,0.016164773,0,0,0.00088787,0.013793395,0.012277433,0.033384845,0.015729901,0.006401431,0,0.007491691,0.043243615,0.012245193,0.005213234,0.014703976,0,0.006051742,0.00870747,0.009833696,0.001994035,0.002335055,0.006929223,0.004499313,0,0.010272866,0,0.000946903,0.006671166,0,0.001956064,0,0.006443772,0.007763934,0.006492704,0,0.00883786,0.002189477,0.01090404,0,0,0.008226747,0.019437418,0.006579391,0.008595707,0.00857923,0,0.001090189,0.016377552,0.000495561,0,0.007168582,0.004723627,0,0,0,0.002962718,0.006388463,0.003567168,0.001796301,0.003745846,0.005230142,0,0.002708672,0.001886213,0.002978981,0.000913876,0.004118603,0,0.001148005,0,0.006298408,0,0.001125437,0,0,0.003558213,0,0.001546769,0,0.005416557,0.003504194,0,0.003157658,0,0,0.000582678,0,0.001146644,0.003506917,0,0.003706442,0,0.001385501,0.005902367,0.00059844,0.007834144,0.00132396,0,0.001693207,0.001064613,0.001219576,0.002268141,0,0.001727739,0.002578497,0,0,0.005986404,0.002487009,0.000891953,0.000214943,0,0,0.001168638,0,0,0,0.001840433,0,0.003761034,0,0,0,0.001774163,0,0,0,0.003278519,0,0.001985295,0,0.001314145,0.000737491,0.000381591,0,0.002133165,0.001551855,0.001441382,0.004320493,0.000410506,0,0,0,0.000737706,0,0,0,0,0,0.003589378,0.001596632,0,0.00283197,0,0.001206824,0,0,0,0.001421036,0.002171924,0,0,0,0.000688509,0.001494255,0.000698905,0,0,0.001778533,0,0,0,0.001432284,9.64599E-05,0.001153665,0.005385679,0,0.003981909,0,0,0,0,0,0,0.001892231,0.001294658,0.002077857,0,6.15333E-05,0,0,0,0,0.001748658,0.002536443,0.00120668,0.00155465,0,0,0,0,0,0,0,0,0.001668347,0.001719285,0.003542452,0.000823821,0,0.000738279,0,0.000679998,0.003323941,0,0,0,0,0,0,0,0.000707903,0.000702888,0,0,0,0,0,0,0,0,0,0,0,0,0,0,0.000838866,0,0,0.000601836,0.000206553,0,0,0,0,0.000573845,0,0,0,0,0,0,0,0,0,0,0,0,0,0.000755832,0,0,0,0,0,0.000897828,0,0,0,0.000304754,0,0,0,0.000400526,0,0,0,0,0,0,0,0,0.00022867,0.000301903,0,0,0,0,0,0,0,0,0,0,0,0,0,0,0,0,0,0,0.000324857,0,0,0,0.000183456,0,0,0,0,0,0.000266597,0,0.000404675,0,0,0,0,0,0,0,0,0,0,0,0,0,0,0,0
2462,5.995647799,54.61130318,15.63042826,3.117594717,6.206237962,0.794145601,0.382578362,0.168827477,0.454470776,0.108762525,0.59440289,2.862118552,0.629488782,0.257320231,1.127087526,1.091702394,1.267244069,0.163508486,0,0.157089788,0.871760981,0.048619022,0,0.232524456,0,0.091354237,0.074121752,0.150095052,0.033044701,0,0.252741859,0,0,0.181814494,0,0.057308204,0.007190738,0.038205469,0,0.012780167,0.003703133,0,0.213234696,0.146070274,0,0,0.089038867,0,0,0.050612708,0.063061093,0.0161339,0,0,0,0.030277479,0,0.01942554,0.019369806,0.027561502,0.012358239,0,0.006650609,0,0,0,0,0,0.008161771,0,0.03948472,0,0,0,0,0.018412238,0.006483409,0,0.25775413,0.05817974,0.132813941,0.018780678,0.005916349,0.02632003,0,0,0,0.10027533,0,0.151550107,0,0.009273074,0,0,0,0,0,0.021566602,0,0.009377434,0.019468181,0.052830825,0,0,0,0,0,0.004817764,0,0.038631886,0,0,0,0,0,0,0.039129373,0,0.008380965,0,0,0,0,0.00525241,0.069580785,0,0,0.14887939,0,0,0,0,0,0,0.002544026,0,0,0.013488618,0,0,0,0.047171448,0,0,0,0,0,0,0,0,0,0,0,0,0,0,0,0,0,0,0,0,0,0,0,0,0,0,0,0,0.003579509,0,0,0,0,0,0,0,0,0,0,0,0.164312694,0,0,0.001560462,0,0,0,0,0,0,0,0,0,0,0,0,0,0,0,0.023369523,0.018205763,0,0,0,0,0,0,0,0.001479817,0,0.021787292,0,0,0,0,0,0,0,0,0.021121857,0,0,0,0,0,0,0,0,0,0,0,0,0,0,0,0,0,0.030790302,0,0,0.007516161,0,0,0,0,0,0.003578574,0,0,0,0,0,0,0,0,0,0,0,0,0,0,0,0,0,0,0,0,0,0,0,0,0.003577751,0,0,0,0,0,0,0,0,0,0,0,0,0,0,0,0,0,0,0,0,0,0,0,0,0,0,0,0.003362785,0,0,0,0,0,0.003084042,0,0,0,0,0,0,0,0,0,0,0,0,0,0,0,0,0,0,0.002067711,0,0,0,0,0,0,0,0,0,0,0,0,0,0,0,0,0,0.002997824,0,0,0,0,0,0,0,0,0,0,0,0,0,0,0,0,0,0,0,0,0,0,0,0,0,0,0,0,0,0,0,0,0,0,0,0,0,0,0,0,0,0,0,0,0,0,0,0,0,0,0,0,0,0,0,0,0,0,0,0,0,0,0,0,0,0,0,0,0,0,0,0,0,0,0,0,0,0,0,0,0,0,0,0,0,0,0,0,0,0,0,0.001239789,0,0,0,0,0,0.002824564,0,0,0,0,0,0,0,0,0,0,0,0,0,0,0,0,0,0,0,0,0,0,0,0,0,0,0,0,0,0,0,0,0,0,0,0,0,0,0,0,0
2533,5.718431063,67.48120296,7.770942241,2.365740299,3.314072368,0.572085481,0.0503453,0,0.164192815,0.012051686,0.079377769,1.271660143,0.416238441,0.027735764,1.843382062,2.250450654,0.493959982,0.524176049,0.126471206,0.051355195,0.589253701,0.041450142,0,0.079345453,0.997897729,0.407836112,0.116590391,0.13106825,0.033283321,0,0.505311205,0,0,0.128066841,0.054574741,0.013105613,0.007106835,0.103187061,0,0,0,0,0.078327478,0.091872194,0.204273539,0,0.070737105,0,0,0.006527963,0.009522909,0.114097969,0,0,0.145982383,0.038987613,0,0.007232062,0,0.058335591,0.008621678,0,0.050692704,0,0,0,0,0,0,0,0.080088736,0.147097308,0,0,0,0.004666524,0.004216111,0,0.243275695,0.173201081,0,0,0.016388581,0.083982892,0,0.01370953,0,0.042613541,0,0,0,0.017579045,0,0,0,0,0,0.008135716,0,0.00842697,0.008870516,0.063154812,0,0,0,0,0,0.004447175,0,0.045558396,0,0,0.002975313,0,0,0,0.012191456,0,0,0,0,0,0,0.039427928,0.026454409,0,0,0.022055709,0,0,0,0,0.009453024,0,0.003407508,0,0,0.011099153,0,0,0,0,0,0,0,0,0,0,0,0,0,0,0,0,0,0,0,0,0,0,0,0,0,0,0.008290028,0,0,0,0,0,0.001473114,0,0,0,0,0,0,0,0,0,0,0,0,0.020498855,0,0,0,0,0,0,0,0,0,0,0,0,0,0,0,0,0,0,0,0,0,0,0,0,0,0,0,0,0.015653377,0,0,0,0,0,0,0,0,0.012530781,0.042617581,0,0,0,0,0,0,0,0,0,0,0.09798812,0,0,0,0,0,0.028259698,0,0,0,0,0,0.003370788,0,0,0,0,0,0,0,0,0,0,0,0,0,0,0,0,0,0,0,0,0,0,0,0.020146603,0,0,0,0,0,0,0,0,0,0,0,0,0,0,0,0.001090768,0,0,0,0,0,0,0,0,0,0,0,0,0,0,0,0.001455138,0,0,0,0,0,0.008389806,0,0,0,0,0,0,0,0,0,0,0,0,0,0,0,0,0,0,0,0,0,0,0,0,0,0,0,0,0,0,0,0,0,0,0,0,0,0.001936252,0,0,0,0,0,0,0,0,0,0,0,0,0,0,0,0,0,0,0,0,0,0,0,0,0,0,0,0,0,0,0,0,0,0,0,0,0,0,0,0,0,0,0,0,0.013756794,0,0,0,0,0,0,0,0,0,0,0,0,0,0,0,0,0,0,0,0,0,0,0,0,0,0,0,0,0,0,0,0,0,0,0,0.001757541,0,0,0,0,0,0,0,0,0,0.001147564,0,0,0,0,0,0,0,0,0,0,0,0,0,0,0,0,0,0,0,0,0,0,0,0,0,0,0,0,0,0,0,0,0,0,0,0,0,0,0,0,0,0,0,0,0,0,0
2453,23.86384443,29.63405742,11.78787019,5.374302264,6.748024202,3.836314549,0.231040862,1.603508153,1.922049003,0.379437682,0.48207475,0.325778303,1.173326983,0.55903803,0.364544562,1.221305601,1.608271163,0.335362409,0,0.024104318,0.459258768,0.37103852,0.190206759,0.433596597,0.386884243,0.686442753,0.104894271,0.105805051,0.118703516,0.106342923,0.210153318,0.039552736,0.121863367,0.146944683,0.076503243,0.105310163,0.064205382,0.118041341,0.019995351,0.414288979,0.041897067,0.087233957,0.055418208,0.058770903,0.329565477,0.296479979,0.011618261,0,0.0671933,0.230390304,0.11924952,0.151858716,0.078672155,0.005373838,0.110174242,0.060917743,0.024265796,0.023579226,0.015453065,0.012510454,0.054911703,0,0.05363963,0.025018584,0.04395794,0.010358038,0.024882664,0.041224437,0.023186568,0.085634282,0.043349204,0.063493254,0.034226297,0.020040657,0.079061328,0.055108032,0.046657754,0,0.002342588,0.05484897,0,0.065518114,0.023401484,0.009096653,0.041243024,0.031829689,0.005557155,0.029230944,0.037976296,0,0.022143352,0.030717933,0,0.01555878,0.025792283,0.008162871,0.004134409,0.015324115,0.00708341,0.010779274,0.009225371,0.011319469,0.013727926,0.031432384,0.016028111,0,0.009791588,0.040442606,0.015965379,0.028550182,0,0.007336314,0.010472815,0.001416008,0.005471073,0.025140564,0.005529158,0.005578182,0.002499767,0,0,0,0,0.016205853,0,0.024406363,0.016049022,0.011341425,0.015178901,0,0,0.057020206,0.02259061,0,0.005355715,0.005161826,0.005976184,0.042657987,0.027281595,0.029890795,0,0.007371049,0,0.007221072,0,0,0.002043564,0.004923559,0.010444237,0.004467704,0.003608736,0,0.026956316,0.035814354,0,0,0.004363963,0,0,0,0.005483503,0,0.004429716,0,0.008883363,0.009264636,0.004921119,0,0.011863381,0.008236175,0.001456436,0.012333874,0.008279506,0.006089219,0.002764289,0,0.007239079,0.007662755,0.004061105,0.011913335,0.000512651,0,0,0.014304134,0.001632319,0.007110245,0.015835267,0.013801113,0.004528926,0.008904739,0.007148466,0.008879413,0.019210035,0,0,0.005743494,0,0.007872792,0,0,0.00206796,0,0,0.026315052,0,0,0,0.004646607,0.009675998,0,0,0.010444934,0,0,0.003203415,0.00316868,0,0.003725836,0,0.019616633,0.002893238,0,0,0.00127033,0.002754182,0.018935871,0,0,0,0.007126742,0,0,0.001044888,0,0.008598512,0,0,0.004055762,0,0,0.002560757,0,0.001669261,0.003601184,0.001188662,0,0.0052888,0,0.003567727,0.021898231,0.004966426,0.001018076,0,0,0.012168911,0.001319935,0.004989079,0.019312265,0.004119888,0.004523117,0.007619887,0.002001045,0,0,0,0.002208178,0,0,0.004247095,0,0.000546492,0,0.007318308,0.005952834,0,0.004887081,0.015356643,0,0.001467356,0,0.007573303,0.006070747,0,0.001365358,0.005583178,0.000900453,0.007624186,0.001845028,0.000894145,0,0,0,0,0,0.000883167,0.002024047,0.003258132,0.001820399,0,0,0.003720724,0,0,0.007542053,0.006316333,0.00173815,0,0,0.00620051,0.004389521,0.001840148,0.002602579,0,0.003506157,0.001912639,0.001009038,0,0,0.004987569,0,0,0,0.002041473,0,0.003737918,0,0,0,0,0.002034851,0,0,0,0,0,0,0,0.0055194,0,0.003973164,8.61152E-05,0,0,0,0.000670992,0,0,0,0,0.002642193,0.005043912,0,0,0.003807388,0.006232225,0,0,0,0,0,0,0,0,0,0,0,0.005355366,0,0.003098164,0,0.002803554,0.002533108,0,0,0,0,0.000753741,0.002576905,0,0,0,0,0,0.001556343,0.00295539,0.004300418,0.004207016,0,0.001466891,0,0,0.003724442,0,0,0.003455274,0.000646282,0,0,0.000496445,0.000492693,0.003353159,0,0.000837082,0.00328578,0,0.002353276,0,0,0.002168215,0,0,0,0,0,0,0,0.002816449,0,0,0,0,0,0.000721747,0,0.001551231,0,0,0,0,0,0,0,0,0,0,0,0,0,0.000386106,0,0.001783922,0,0.000881691,0,0.000860235,0.001671468,0,0,0.000587802,0,0.001051417,0,0,0.001324233,0,0.000202428,0,0,0,0,0,0,0,0,0.000856076,0,0,0,0,0,0.000560432,0,0.000445423,0,0.000116938,0,0,0,0,0,0,0,0,0
2553,25.87316,18.92165212,13.06720872,6.40731186,3.424152881,4.290963906,6.721688044,2.006370491,2.536365377,2.420154594,2.097756396,0.671626777,1.224928861,0.654878114,0.390086642,0.397409439,0.400276767,0.135295585,0.424678863,0.651951164,0.295020368,0.445178359,0.428418856,0.316257021,0.06933621,0.12975606,0.383116163,0.138293,0.195070423,0.206404226,0.086139075,0.139588446,0.148819181,0.077206455,0.18006167,0.114823191,0.139702272,0.099201947,0.09693627,0.065314362,0.105294341,0.152640478,0.054011455,0.092860221,0.013836346,0.006277767,0.093559437,0.102665505,0.096849546,0.013062872,0.063644917,0.002848411,0.083174182,0.097180183,0.042381704,0.090562022,0.012179909,0.047465926,0.037164143,0.065780506,0.090800515,0.071124902,0.058598637,0.040130662,0.097326531,0.057026756,0.032791604,0.053308444,0.058717883,0.055032093,0.020216015,0.022498494,0,0.03493424,0.012712722,0.032049026,0.014138256,0.050541392,0,0.012642801,0,0.017108569,0.017984486,0.003779181,0,0.028995783,0.023777138,0.008641009,0.008295737,0,0.042012041,0.02074124,0,0.004542031,0.014168609,0.012542526,0.029073835,0.009431828,0.030431615,0.026189704,0.021236111,0.01745113,0.025127872,0.030514003,0.019490239,0.01767011,0.008020387,0.005791568,0.016968726,0.003075466,0.010341892,0.018504833,0.004732662,0.031082048,0.008362407,0.012256877,0.009626958,0.026084009,0.020210052,0.026900303,0.041607688,0,0.01612533,0.002712037,0,0.006993786,0.020654515,0,0.009817751,0.031637627,0.011047613,0.007031186,0.003769533,0.040685157,0.013734987,0.010539733,0.005682621,0,0.003299324,0.004704206,0.005128126,0.006275057,0,0,0.010104484,0.014117659,0.01398974,0.010582553,0.014536104,0.002380695,0.013908436,0.006097814,0.005585056,0.005354097,0,0.009688749,0.00723011,0.009736989,0,0.009022054,0.009393886,0.011242743,0.008661606,0,0.007813332,0.003425237,0.008667026,0.014898721,0.006082095,0.006439292,0.014618493,0.002460644,0.007243661,0.002520809,0.000921122,0,0.012255793,0.013373997,0.003112162,0.004490051,0.010526724,0.008419319,0,0,0.007699506,0.001921435,0,0.0064523,0.003193791,0.005928159,0,0.008985739,0,0,0.00207033,0.002212124,0.001722781,0.00157871,0.007744495,0,0.011234612,0.004070684,0,0,0.007097855,0.004161148,0,0.002252668,0.002529102,0.009755418,0.005048068,0.001008443,0,0,0.003047389,0.003672185,0.003243874,0.003245338,0.010018302,0.00047461,0.008219853,0,0,0.000568533,0.001990272,0,0.005615951,0,0,0.001615894,0,0.00913046,0.00097191,0,0,0.003096172,0,0.001159777,0,0,0,0.004145917,0.000859548,0,0.001102431,0,0.001465969,0,0,0,0.002990314,0.000813259,0.00064962,0.004242778,0,0.001459952,0.00116368,0,0.005019937,0.002103393,0,0.002721305,0.000209049,0.004260665,0.002910527,0.000746698,0,0,0.003805957,0,0,0,0,0,0.001692482,0.000949687,0,0.003857016,0,0,0,0,0.002178844,0.001934389,0.000799437,0.00181162,0,0.001078256,0,0.001452743,0.001483801,0.002330015,0,0.000450257,0,0.002198086,0.000827731,0,0.002223344,0.003997564,0.000478844,0,0.000725288,0,0,0,0,0,0,0,0.000783068,0.000982046,0,0,0.000790222,0.001016519,0.001042753,0.001561908,0,0.002179819,0.000833693,0,0,0.001349162,0.000438961,0.000476773,0.00055379,0,0,0,0.00388802,0,0,0,0.001509656,0,0.000977602,0,0.001390681,0,0,0.00188539,0.001021452,0,0.000172381,0,0,0.000558668,0.001132405,0,0,0,0.000640243,0.00064832,0,0.000760411,0,0.0014941,0,0,0,0.001297235,0.000521631,0.00104026,0.000443059,0,0,0.000540212,0,0.001027848,0.001099233,0.000166484,0,0,0.000693633,0,0,0,0.001451822,0,0,0.000425947,0.001220593,0,0.000653469,0,0,0.001943929,0,0,0,0,0,0,0,0,0,0,0.000686099,0,0,0.001127039,0.000222307,0,0.000985353,0.000423107,0,0.000592111,0,0,0,0,0,0,0,0.000696668,0,0.000235625,0.000581379,0,0,0,0.000237397,0,0,0,0,0,0.001046602,0,0,0.000961829,0.000941611,0.000924862,0,0.000353473,0.000139312,0,0,0,0,0,0,0,0.000410321,0,0.000367468,0.000578181,0.000237219,0,0,0,0,0,0,0,0,0,0.000528781,0,0,0,0.000432462,0.000430002,0,0,0,0,0,0.000267588,0,0,0,0,0,0,0,0,0,0,0,0,0,0
2508,34.0624975,46.16102143,3.950561611,2.075493261,1.563135784,0.657539764,0.427821982,0.332559292,0.137386002,0.150352763,0,0.109944829,0.169006074,0.033932668,3.207123138,2.904781756,0.095780387,2.421003086,0,0,0.163894022,0,0,0.39982741,0,0,0,0,0,0,0.523750051,0,0,0,0,0.037710718,0,0,0,0.027335686,0,0,0,0.0393271,0,0,0,0,0,0,0,0,0,0,0,0,0,0,0,0,0,0,0,0,0,0,0,0,0,0,0.083513084,0,0,0,0,0.005578791,0,0,0,0,0,0,0,0,0,0,0,0,0,0.015516134,0,0,0,0,0,0,0,0.064888985,0,0,0,0,0,0,0,0,0,0,0,0,0,0,0.012923918,0,0,0,0,0,0,0,0,0,0,0,0,0,0,0,0,0,0,0,0,0,0,0,0,0,0,0,0,0,0,0,0,0,0,0,0,0,0,0,0,0,0,0,0,0,0,0,0,0,0,0,0,0,0,0,0,0,0,0,0,0,0,0.165792784,0,0,0,0,0,0,0,0,0,0,0,0,0,0,0,0,0,0,0,0,0,0,0,0,0,0,0,0,0,0,0,0,0,0,0,0,0,0,0,0,0,0,0,0,0,0,0,0,0,0,0,0,0,0,0,0,0,0,0,0,0,0,0,0,0,0,0,0,0,0,0,0,0,0,0,0,0,0,0,0,0,0,0,0,0,0,0,0,0,0,0,0,0,0,0,0,0,0,0,0,0,0,0,0,0,0,0,0,0,0,0,0,0,0,0,0,0,0,0,0,0,0,0,0,0,0,0,0,0,0,0,0,0,0,0,0,0,0,0,0,0,0,0,0,0,0,0,0,0,0,0,0,0,0,0,0,0,0,0,0,0,0,0,0,0,0,0,0,0,0,0,0,0,0,0,0,0,0,0,0,0,0,0,0,0,0,0,0,0,0,0,0,0,0,0,0,0,0,0,0,0,0,0,0,0,0,0,0,0,0,0,0,0,0,0,0,0,0,0,0,0,0,0,0,0,0,0,0,0,0,0,0,0,0,0,0,0,0,0,0,0,0,0,0,0,0,0,0,0,0,0,0,0,0,0,0,0,0,0,0,0,0,0,0,0,0,0,0,0,0,0,0,0,0,0,0,0,0,0,0,0,0,0,0,0,0,0,0,0,0,0,0,0,0,0,0,0,0,0,0,0,0,0,0,0,0,0,0
2402,13.04944312,71.09189575,1.969814274,1.093747179,2.751912012,0.348735924,0.44537198,0.119199395,0.848263929,0.085588307,0.053027189,2.857978421,0.241720466,0.023638707,1.492014178,0.897587816,0.073217234,0.606904369,0.039832715,0,0.166458095,0.003161274,0,0.119513517,0,0.082767889,0,0,0.09765194,0,0.292107022,0,0,0.080127925,0,0.059747402,0.022682305,0.050337099,0,0.008614303,0,0,0,0,0,0,0.066928104,0,0,0.015125324,0.019249683,0,0,0,0,0.011724783,0,0,0,0.009510554,0,0,0,0,0,0,0,0,0,0,0.027523799,0,0,0,0,0.00686257,0,0,0.283238079,0.061553271,0,0,0,0.033570987,0,0,0,0,0,0.096736307,0,0.015065841,0,0,0,0,0,0.017141722,0,0,0,0.080288328,0,0,0,0,0,0,0,0.008571529,0,0,0,0,0,0,0,0.00823201,0.007814294,0,0,0,0,0,0.059312309,0,0,0,0,0,0,0,0,0,0,0,0,0.027187621,0,0,0,0,0,0,0,0,0,0,0,0,0,0,0,0,0,0,0,0,0,0,0,0,0,0,0,0,0,0,0,0,0,0,0,0,0,0.019416769,0,0,0,0.011659285,0,0,0,0,0,0,0,0,0,0,0,0,0,0,0,0,0,0,0,0,0,0,0,0,0,0,0,0,0,0,0,0,0,0,0,0,0,0,0,0,0,0.019446177,0,0,0,0,0,0,0,0,0,0,0,0,0,0,0,0,0,0,0,0,0.006843188,0,0,0,0,0,0,0,0,0,0,0,0,0,0,0,0,0,0,0,0,0,0,0,0,0,0,0,0,0,0,0,0,0,0,0,0.008038858,0,0,0,0,0,0,0.002471742,0,0,0,0,0,0,0,0,0,0,0,0,0,0,0,0,0,0,0,0,0,0,0,0,0,0,0,0,0,0,0,0,0,0,0,0,0,0,0,0,0,0,0,0,0,0,0,0,0,0,0,0,0,0,0,0,0,0,0,0,0,0,0,0,0,0,0,0,0,0,0,0,0,0,0,0,0,0,0,0,0,0,0,0,0,0,0,0,0,0,0,0,0,0,0,0,0,0,0,0,0,0,0,0,0,0,0,0,0,0,0,0,0,0,0,0,0,0,0,0,0,0,0,0,0,0,0,0,0,0,0,0,0,0,0,0,0,0,0,0,0,0,0,0,0,0,0,0,0,0,0,0,0,0,0,0,0,0,0,0,0,0,0,0,0,0,0,0,0,0,0,0,0,0,0,0,0,0,0,0,0,0,0.003425136,0,0,0,0,0,0,0,0,0,0,0,0,0,0,0
2483,31.90876328,15.7416779,10.37204276,5.586875851,4.453968237,6.450501066,3.960452864,2.006781039,2.588366969,2.440835443,1.528424477,0.733334168,1.036510387,0.925327981,0.33347249,0.399045023,0.715186295,0.108129293,0.664532381,0.724900745,0.607793592,0.107718297,0.223378957,0.242589014,0.027274651,0.169132832,0.120635312,0.470451563,0.273435059,0.217913245,0.077496752,0.125049515,0.204942854,0.105273672,0.110723371,0.090974216,0.11528169,0.144003366,0.132810399,0.091027592,0.113733783,0.070061462,0.061318458,0.109367618,0.007717116,0.017846831,0.060752671,0.11970123,0.120587274,0.081798865,0.03497949,0.001221298,0.060795372,0.079188774,0.069965385,0.066138319,0.001488873,0.078665689,0.033171108,0.057795636,0.067381982,0.103138628,0.016989077,0.031041402,0.030556213,0.065097485,0.03794987,0.018791054,0.066565328,0.0175586,0.006356025,0.022794261,0.106389232,0.047351535,0.003298643,0.054069984,0.044028339,0.067915743,0.003015429,0,0.084062012,0.015364843,0.043370212,0.009974925,0,0.030815621,0.040111068,0.022175632,0.014082749,0.009204174,0.017190305,0.022061408,0.056850879,0.02457809,0.025170565,0.022448384,0.023083026,0.005677081,0.025630667,0.030930379,0.030962405,0.007306654,0.031526057,0.004001232,0.01950149,0.02942464,0,0.00955272,0.031657896,0.012454244,0.003679428,0.014270099,0.000336526,0.024246625,0.030783595,0.017038717,0.019998955,0.007845752,0.013575142,0.007023227,0.004794614,0,0.013649869,0.002616283,0.002134297,0.014722728,0.010935161,0,0.017039785,0.027105982,0.011875114,0.009245807,0.007862299,0.012113171,0.006459575,0.019890602,0.01850229,0.005168514,0.004462669,0.010068867,0.006861497,0.009116637,0,0.006339479,0.00771765,0.008760085,0.011377648,0.020176698,0.001380413,0.014710986,0.015459318,0,0.004151219,0,0,0.011742741,0.010765958,0.008092884,0.012549254,0.007387252,0.00830959,0.010010687,0.005382979,0,0.003131575,0.01085563,0,0.004930777,0.004382658,0.0024711,0.00227569,0.00601602,0.007869238,0.008476658,0.014075276,0.005924747,0.002428933,0.003912308,0.001852204,0.003210892,0.007491869,0.004551913,0,0.002277344,0.004197923,0.005700033,0,0.0011905,0.006902597,0,0.014522568,0,0,0,0.003936967,0.000593862,0.004450606,0.005284874,0.003722983,0,0.003955169,0,0.004759867,0,0,0.006736063,0.016423291,0.006741401,0,0,0.003759812,0.00242194,0,0.013078745,0.003725171,0.001569684,0.00568829,0.000392816,0,0.003841531,0.001237578,0,0,0.010573271,0.006106225,0.004824558,0,0.005440625,0,0.001282307,0.013189767,0,0.002310491,0,0.001317269,0.006783568,0.004669127,0.005254023,0.004430376,0,0.003731416,0.006527896,0.000621298,0.004525439,0.002685245,0,0.002978706,0.002359864,0.00014766,0,0,0,0.003772569,0,0,0.002771767,0.002946467,0,0,0,0.001057434,0.001296932,0.000188562,0,0.002670459,0,0,0,0,0,0,0,0,0.00045936,0.003725705,0.000375816,0,0,0.002571981,0,0.003236353,0,0,0.00132362,0.000366235,0.001017722,0,0,0.00112709,0,0,0.001871313,0,0,0.000640673,0,0.002090315,0,0,0,0.00077801,0,0,0,0,0.001213185,0,0,0,0.000510478,0.00111871,0,0,0.000805018,0.001896346,0.001523941,0,0,0,0,0.001180412,0,0,0,0.00091177,0.002500296,0.001642382,0,0,0,0,0,0,0,0,0.002263573,0,0,0,0,0,0,0.000608221,0.001207421,0,0,0,0.00063304,0,0,0.000749347,0,0.001973154,0.000654124,0,0,0,0,0,0,0.001548441,0.000867682,0.000979558,0.001503978,0.000517903,0,0,0.001025835,0.000233195,0,0,0,0.001889247,0.00018482,0,0,0,0.000721271,0.000423422,0.000590286,0,0.001616228,0,0.000634428,0,0,0,0,0.001186337,0,0,0,0,0.000670724,0,0.000641474,0.001578651,0,0,0.000492026,0,0.000425664,0.00057374,0,0,0,0,0,0,0,0,0,0,0.000561944,0,0,0,0.000511978,0,0,0,0.001182708,0,0,0,0,0,0.001030639,0,0,0,0,0,0,0.000343224,0,0,0,0,0,0,0.000816441,0,0,0,0,0,0,0,0.000313419,0,0,0,0,0,0,0,0,0,0,0,0,0,0,0,0,0,0,0,0,0,0,0,0,0,0,0,0,0,0,0,0,0,0
2443,70.46441359,26.53986936,0.751290424,0.943743239,0,0.333014504,0.221210924,0.160747763,0,0.05198619,0,0,0.129796656,0.198113964,0.136749346,0.049409663,0,0,0,0,0,0,0,0,0,0,0,0,0,0,0,0,0,0.019654379,0,0,0,0,0,0,0,0,0,0,0,0,0,0,0,0,0,0,0,0,0,0,0,0,0,0,0,0,0,0,0,0,0,0,0,0,0,0,0,0,0,0,0,0,0,0,0,0,0,0,0,0,0,0,0,0,0,0,0,0,0,0,0,0,0,0,0,0,0,0,0,0,0,0,0,0,0,0,0,0,0,0,0,0,0,0,0,0,0,0,0,0,0,0,0,0,0,0,0,0,0,0,0,0,0,0,0,0,0,0,0,0,0,0,0,0,0,0,0,0,0,0,0,0,0,0,0,0,0,0,0,0,0,0,0,0,0,0,0,0,0,0,0,0,0,0,0,0,0,0,0,0,0,0,0,0,0,0,0,0,0,0,0,0,0,0,0,0,0,0,0,0,0,0,0,0,0,0,0,0,0,0,0,0,0,0,0,0,0,0,0,0,0,0,0,0,0,0,0,0,0,0,0,0,0,0,0,0,0,0,0,0,0,0,0,0,0,0,0,0,0,0,0,0,0,0,0,0,0,0,0,0,0,0,0,0,0,0,0,0,0,0,0,0,0,0,0,0,0,0,0,0,0,0,0,0,0,0,0,0,0,0,0,0,0,0,0,0,0,0,0,0,0,0,0,0,0,0,0,0,0,0,0,0,0,0,0,0,0,0,0,0,0,0,0,0,0,0,0,0,0,0,0,0,0,0,0,0,0,0,0,0,0,0,0,0,0,0,0,0,0,0,0,0,0,0,0,0,0,0,0,0,0,0,0,0,0,0,0,0,0,0,0,0,0,0,0,0,0,0,0,0,0,0,0,0,0,0,0,0,0,0,0,0,0,0,0,0,0,0,0,0,0,0,0,0,0,0,0,0,0,0,0,0,0,0,0,0,0,0,0,0,0,0,0,0,0,0,0,0,0,0,0,0,0,0,0,0,0,0,0,0,0,0,0,0,0,0,0,0,0,0,0,0,0,0,0,0,0,0,0,0,0,0,0,0,0,0,0,0,0,0,0,0,0,0,0,0,0,0
2433,2.12627659,70.38769602,2.699069256,2.263541167,4.690626091,0.112787545,0,11.18319382,0.693593802,0.042600838,0,2.467698204,0.080598145,0.019529171,0.339219564,0.379853618,0.239509288,0.455704891,0,0,0.200615061,0.107749836,0.23487148,0,0,0,0.027312171,0.170129133,0.021042561,0,0.005691053,0,0,0.086326591,0,0.03016341,0.031947902,0.066617205,0,0,0.081065561,0,0.125470106,0.1093806,0,0,0.131333583,0,0,0.002010721,0.017762857,0,0,0,0,0.071940557,0,0,0.046944693,0.081787459,0,0,0.003863923,0,0,0,0,0,0,0,0.004361773,0,0,0,0,0.014295667,0,0,0.007746126,0,0,0,0,0,0,0,0,0,0,0,0,0.014232306,0,0,0,0,0,0,0,0,0.006273246,0,0.011735264,0,0.006112247,0,0,0,0,0,0,0,0,0,0,0,0,0,0.002766169,0,0,0,0,0,0.042601876,0,0,0,0,0,0,0,0,0,0,0,0,0,0.012964569,0,0,0,0,0,0,0,0,0,0,0,0,0,0,0,0,0,0,0,0,0,0,0,0,0,0,0,0,0,0,0,0,0,0,0,0,0.004487352,0,0,0,0,0,0,0,0,0,0,0,0,0,0,0,0,0,0,0,0,0,0,0,0,0,0,0,0,0,0,0,0,0,0,0,0,0,0,0,0,0,0,0,0,0,0,0,0,0,0,0,0,0,0,0,0,0,0,0,0,0,0,0,0,0,0,0,0,0,0,0,0,0,0,0,0,0,0,0,0,0,0,0,0,0,0,0,0,0,0,0.01651953,0,0,0,0,0,0,0,0,0,0,0,0,0,0,0,0,0,0,0,0,0,0,0,0,0,0,0,0,0,0,0,0,0,0,0,0,0,0,0,0,0,0,0,0,0,0,0,0,0,0,0,0,0,0,0,0,0,0,0,0,0,0,0,0,0,0,0,0,0,0,0,0,0,0,0,0,0,0,0,0,0,0,0,0,0,0,0,0,0,0,0,0,0,0,0,0,0,0,0,0,0,0,0,0,0,0,0,0,0,0,0,0,0.002336146,0,0,0,0,0,0,0,0,0,0,0,0,0,0,0,0,0,0,0,0,0,0,0,0,0,0,0,0,0,0,0,0,0,0,0.013417963,0,0,0,0,0.003817389,0,0,0,0,0,0,0,0,0,0,0,0,0,0,0,0,0,0,0,0,0,0,0,0,0,0,0,0,0,0,0,0,0,0,0,0,0,0,0,0,0,0,0,0,0,0,0.000807903,0,0,0,0,0,0,0,0,0,0,0,0,0,0,0,0,0
2476,3.182156239,55.09104395,10.49269004,1.114732393,5.870425497,1.289713603,0,2.607176897,0.096208034,0.027975427,0,9.485361886,0.218791214,0.148741218,0.753325023,1.055983566,2.724070672,0.074183694,0,0,0.668724411,0.102589025,0,0.517150712,0,0.812835888,0,0.118734169,0.251084377,0,0.389300842,0,0,0.614145227,0,0.099052018,0.141383955,0,0,0,0,0.115408519,0.634188268,0,0,0,0.065358429,0,0,0.059686278,0.060945797,0,0,0,0,0.088212385,0,0.02217531,0,0,0,0,0,0,0,0,0,0,0.030262979,0,0,0,0,0,0,0.057552571,0.013243935,0,0.117056247,0,0,0,0,0.070984571,0,0.050590706,0,0,0,0,0,0.039736694,0,0,0,0,0,0,0,0,0.047019191,0,0,0,0,0,0,0.038987597,0,0.081487757,0,0,0,0,0,0,0,0,0,0,0,0,0,0,0,0,0,0,0,0,0,0,0,0,0,0,0,0.043795626,0,0,0,0,0,0.020737502,0,0,0,0,0,0,0,0,0.068334692,0,0,0,0,0,0,0,0,0,0,0,0,0,0,0,0,0,0,0,0,0,0,0,0,0,0,0,0,0,0,0,0,0.011625251,0,0,0.014399645,0,0,0,0,0,0,0,0,0,0,0,0,0,0,0,0,0,0,0,0,0,0,0,0,0,0,0,0,0,0,0,0,0.01799704,0,0,0,0,0,0,0,0.046999062,0,0,0,0,0,0,0,0,0,0.065634489,0,0,0,0,0,0,0,0,0,0,0,0,0,0,0,0,0,0,0,0,0,0,0,0,0,0,0,0,0,0.06426282,0,0,0,0,0,0.013246811,0,0,0,0,0,0,0,0,0,0,0,0,0,0,0,0,0,0,0.027774133,0,0,0,0,0,0,0,0,0,0,0,0,0,0.051966688,0,0,0,0,0,0,0,0,0,0,0,0,0,0,0,0,0,0,0,0,0,0,0,0,0,0,0,0,0,0,0,0,0,0,0,0,0.003439955,0,0,0,0,0,0,0,0,0,0,0,0,0,0,0,0,0,0,0,0,0,0,0,0,0,0,0,0,0,0,0,0,0,0.009309087,0,0,0,0,0,0,0,0,0,0,0,0,0,0,0,0,0,0,0,0,0,0,0,0,0,0,0,0,0,0,0,0,0,0,0,0,0,0,0,0,0,0,0,0,0,0,0,0,0,0,0,0,0,0,0,0,0,0,0,0,0,0,0,0,0,0,0,0,0,0,0,0,0,0,0,0,0,0,0,0,0,0,0,0,0,0,0,0,0,0,0,0,0,0,0,0,0,0,0,0,0,0,0,0
2430,30.72810856,34.75700832,6.68903384,5.36879438,3.002916786,0.924852698,0.141419275,0.171595245,1.460109158,0.930153882,0,3.741901821,0.500195245,0.440976944,0.162338562,0.884400587,1.786498973,0.365740911,0,0,0.456684759,0.29462349,0,0.070840944,0.194741029,0.557570367,0.08098007,0.177499948,0.111773424,0,0.017460469,0.088864153,0.039078697,0.063075933,0,0.142446889,0.173952233,0.114285369,0,0.582159704,0.29627909,0,0.76574378,0.092167199,0.037665319,0,0.019960181,0.074449011,0,0.06694335,0.085699754,0,0,0,0,0.044574801,0.05796396,0,0.129781137,0.194724718,0,0,0,0,0,0,0,0,0,0,0,0.202146375,0.417431531,0,0,0.034181218,0.027907879,0,0.033670673,0,0,0.061607913,0,0.131942389,0.946057434,0.102435184,0,0.048115176,0,0,0.005903888,0.051900221,0,0.045008682,0.024158718,0,0,0,0,0.017007014,0,0,0.017344658,0,0.006483266,0,0,0,0,0,0,0.075849339,0,0,0,0,0.031813628,0.015640939,0.025695246,0,0,0,0,0,0.01205163,0,0,0,0,0,0,0,0.010657011,0,0,0,0,0,0.117466079,0,0,0,0,0,0,0,0,0,0,0,0,0,0,0,0,0,0,0,0,0,0,0,0,0.031281063,0,0.0046356,0,0,0,0,0,0.042314865,0,0,0,0.04083135,0,0,0,0.011803698,0,0,0,0,0,0,0,0,0,0,0,0,0,0,0,0,0.011826533,0,0,0,0.000592387,0.087151463,0,0,0,0,0,0,0,0,0,0,0,0,0,0,0,0,0,0,0,0,0,0,0,0,0,0,0,0,0,0,0,0,0,0,0,0,0,0,0,0,0,0,0,0,0,0,0.002080185,0,0,0,0,0,0,0,0,0,0,0,0,0,0,0,0,0,0.010860087,0.048511542,0,0,0,0.016494838,0,0,0,0,0,0,0,0,0,0,0,0,0,0,0,0,0,0,0,0,0,0,0,0,0,0,0,0,0,0,0,0,0,0.014761758,0,0,0,0,0,0,0,0,0,0,0,0,0,0,0,0,0,0,0,0,0,0,0,0,0,0.055491162,0,0,0,0,0,0,0,0,0,0,0,0,0,0,0,0,0,0,0,0.0466023,0,0,0,0,0,0,0,0,0,0,0,0,0,0,0,0,0,0,0,0.015205427,0,0,0,0,0,0,0,0,0,0,0,0,0,0,0,0,0,0,0,0,0,0,0,0,0,0,0,0,0,0,0,0,0,0,0,0,0,0.009044635,0,0,0,0,0,0,0,0,0,0,0,0,0,0,0,0,0,0,0,0,0,0,0,0,0,0,0,0,0,0,0,0,0,0,0,0,0,0,0,0,0,0,0,0,0,0,0,0,0,0,0,0,0,0,0,0,0,0,0,0,0,0,0,0,0,0,0,0,0,0,0,0,0,0
2434,27.0959714,19.7163571,6.078180708,5.502407468,3.415668795,4.005552098,8.015859235,1.512877785,2.556247121,2.930292987,2.857261785,1.17227225,1.190258703,1.832912606,1.286806676,0.620170836,0.556081176,0.865003676,0.766439981,0.29012459,0.136169855,0.317093933,0.213552951,0.258012569,0.155479449,0.095348876,0.27579745,0.165702784,0.214932946,0.353790432,0.102822557,0.134407389,0.115547456,0.119671935,0.164968854,0.152946874,0.131647399,0.134774354,0.205045566,0.087585757,0.121067436,0.140935231,0.057582493,0.069723348,0.012698539,0.027657273,0.12283507,0.161252687,0.057272381,0.048000571,0.039757297,0.042261963,0.108151302,0.106719622,0.047100215,0.034578439,0.032474851,0.084143522,0.056398901,0.043693126,0.02242828,0.043933462,0.085823291,0.038948424,0.025006338,0.057747885,0.024609913,0.091989337,0.028190664,0.010371154,0.10759827,0.02532782,0,0.020016131,0.011446207,0.034317946,0.064193031,0.041932211,0,0.026086042,0,0.044738718,0.01620383,0.083668018,0,0.029328772,0.057200022,0.019484807,0.050285058,0,0.032830445,0.007977612,0,0.048963984,0.034746416,0.030222927,0.032726558,0.054155763,0.047832595,0.018899731,0.012947145,0.007156334,0.016292729,0.013516199,0.019257909,0.019969098,0.022668616,0.024749463,0.010112211,0.010443514,0.063045619,0.018344632,0.056481598,0.005846631,0.009675471,0.015853404,0.005767036,0.021995675,0.008613857,0.01121414,0.023027829,0,0.022230843,0.027474824,0,0.011415712,0.013335301,0.007023503,0.002820255,0,0.018295531,0.013793232,0.017092816,0.003695234,0.023640298,0.01160333,0.016752727,0.00752485,0.007184244,0.007918691,0.020403254,0.016443133,0,0.021743451,0,0.020660646,0.010738119,0.008021545,0.00839833,0.014486331,0.003908849,0.032655233,0.004426528,0.010838905,0.037142026,0.009732842,0.001428372,0.010302413,0,0.008510487,0.008001387,0.01054585,0.013534289,0,0.006372786,0.002440421,0.008177117,0.008704823,0.009018035,0.006916515,0.003503895,0.009756617,0.008716711,0.009143631,0.003093101,0,0,0,0.013664019,0.004369519,0.006888088,0.008990642,0,0.003032785,0.002359171,0.005001216,0.008817497,0.001898656,0.003886624,0.002984046,0,0,0.00417601,0.004522353,0.0079435,0.006958897,0.001791048,0.007693344,0.005044115,0.005438835,0.001149324,0,0.004677098,0.000760703,0.005932945,0.005827507,0,0.001833946,0.004376807,0.001692794,0.004387557,0.004388126,0,0.000361952,0.004728525,0.006021327,0.00358194,0.00768249,0.001610304,0.001205402,0.002828576,0,0,0.000136449,0.001075776,0,0.007666467,0.005179375,0,0.003532943,0,0,0.006406899,0,0.005098177,0.002534694,0.0075264,0.002905381,0.007151683,0,0.002218071,0,0.002416232,0.002729082,0.003820312,0,0.000802258,0,0.006496314,0,0.00146326,0.007398221,0.002059449,0.0033737,0.003572482,0.000680074,0,0,0,0,0.001191499,0.002357104,0.007113435,0.003800258,0.002259212,0.004407663,0,0.002737921,0.001901757,0,0.006819347,0.001441552,0.003897168,0.000260132,0.001470909,0.001735124,0,0,0.00032817,0.004188983,0,0.002360257,0.004392674,0.001317043,0.002147572,0.001833843,0.002853851,0.001234966,0.003347134,0.001790789,0.001417674,0.001616352,0.00593553,0.005410925,0.002590566,0.002040791,0,0.004559256,0.003224434,0.001412919,0,0,0.003103387,0.00152952,0,0.000947287,0.002188765,0,0,0.002167316,0.000936639,0.000936278,0,0.001592266,0,0.000508572,0.002296064,0.001747374,0.001338233,0.002143644,0.000974163,0.004105873,0.003167218,0.002773222,0,0.000215956,0.000130851,0,0.003795555,0,0,0,0.003505498,0.003500174,0.00205366,0.000585128,0.001126789,0,0,0.001586994,0.003158638,0.001506469,0.001136248,0.001167517,0.001503523,0,0.001284584,0.001087612,0.000893224,0.001818441,0,0,0.00021668,0,0,0.001953649,0.002654966,0,0.001387076,0,0,0.000460448,0.000508629,0,0.001028949,0,0,0.000468072,0.000420345,0.001324744,0,0,0.000417947,0.001480626,0.000998868,0,0.001747063,0,0.000231364,0,0.001990346,0,0.000792696,0.000649321,0,0,0,0,0,0.001192429,0,0,0.000176009,0.000805204,0,0.000620119,0,0,0.000232707,0.000487986,0,0,0,0,0.000512226,0,0.00144057,0.000872963,0.000433122,0.000381649,0.00139426,0.0013832,0.000821433,0.000407745,0,0.000594793,0,0,0,0,0.001149686,0,0.00026974,0.00109707,0.000346048,0.001028071,0,0,0,0.000976385,0.000937725,0,0,0,0.000523054,0.000311677,0.000142724,0.000811509,0.000496907,0.000803705,0,0,0,0.000781015,0,0,0.00037572,0,0.000224624,0,0.000203474,0.000644411,0.000620016,0,0,0.000105071,0.000563265,0.000511694,0,0.000327757,0.000447444,0.000437676,0,0,0,0.000188015,0,0,0,0,0,0.000203464,0,0.000194538,0,0,0,0,0,0,0,0,0,0
